"country","place_type","place_name","x_bbox","y_bbox","cluster_id","cluster_x","cluster_y"
"DK","city","Ærø",10.370649,54.8940045,1,10.4631996666667,55.2279477777778
"DK","city","Assens",10.039284,55.276508,1,10.4631996666667,55.2279477777778
"DK","city","Faaborg-Midtfyn",10.3605475,55.1735235,1,10.4631996666667,55.2279477777778
"DK","city","Kerteminde",10.640122,55.471658,1,10.4631996666667,55.2279477777778
"DK","city","Langeland",10.763285,54.9431725,1,10.4631996666667,55.2279477777778
"DK","city","Nordfyn",10.270639,55.5263365,1,10.4631996666667,55.2279477777778
"DK","city","Nyborg",10.761407,55.2986395,1,10.4631996666667,55.2279477777778
"DK","city","Odense",10.376285,55.3853455,1,10.4631996666667,55.2279477777778
"DK","city","Svendborg",10.5865785,55.082342,1,10.4631996666667,55.2279477777778
"DK","city","Aabenraa",9.3181095,54.9840725,2,9.51589744444444,55.4110941111111
"DK","city","Fredericia",9.7089815,55.568657,2,9.51589744444444,55.4110941111111
"DK","city","Haderslev",9.3319935,55.2539245,2,9.51589744444444,55.4110941111111
"DK","city","Hedensted",9.7441865,55.7969025,2,9.51589744444444,55.4110941111111
"DK","city","Kolding",9.4545085,55.469382,2,9.51589744444444,55.4110941111111
"DK","city","Middelfart",9.88318,55.4469655,2,9.51589744444444,55.4110941111111
"DK","city","Sønderborg",9.7670885,54.959552,2,9.51589744444444,55.4110941111111
"DK","city","Vejen",9.0327585,55.458664,2,9.51589744444444,55.4110941111111
"DK","city","Vejle",9.4022705,55.761727,2,9.51589744444444,55.4110941111111
"DK","city","Aalborg",9.8901965,57.020381,3,9.88525016666667,57.0638338333333
"DK","city","Brønderslev",10.090449,57.206582,3,9.88525016666667,57.0638338333333
"DK","city","Hjørring",10.0509665,57.4631045,3,9.88525016666667,57.0638338333333
"DK","city","Jammerbugt",9.474854,57.179717,3,9.88525016666667,57.0638338333333
"DK","city","Mariagerfjord",9.93215,56.706034,3,9.88525016666667,57.0638338333333
"DK","city","Rebild",9.872885,56.8071845,3,9.88525016666667,57.0638338333333
"DK","city","Aarhus",10.169119,56.1630435,4,10.107444375,56.1718329375
"DK","city","Arhus",10.169119,56.1630435,4,10.107444375,56.1718329375
"DK","city","Favrskov",9.9512075,56.3194275,4,10.107444375,56.1718329375
"DK","city","Horsens",9.895602,55.905468,4,10.107444375,56.1718329375
"DK","city","Odder",10.2381545,55.9307765,4,10.107444375,56.1718329375
"DK","city","Randers",10.0696295,56.5368015,4,10.107444375,56.1718329375
"DK","city","Skanderborg",9.863023,56.084813,4,10.107444375,56.1718329375
"DK","city","Syddjurs",10.5037005,56.27129,4,10.107444375,56.1718329375
"DK","city","Ikast-Brande",9.2584125,56.0520845,5,9.39475316666667,56.2282926666667
"DK","city","Silkeborg",9.5416265,56.181753,5,9.39475316666667,56.2282926666667
"DK","city","Viborg",9.3842205,56.4510405,5,9.39475316666667,56.2282926666667
"DK","city","Albertslund",12.353528,55.675943,6,12.3813014634146,55.7151783536585
"DK","city","Allerød",12.3170535,55.8557175,6,12.3813014634146,55.7151783536585
"DK","city","Ballerup",12.344696,55.730591,6,12.3813014634146,55.7151783536585
"DK","city","Brøndby",12.411024,55.640679,6,12.3813014634146,55.7151783536585
"DK","city","Copenaghen",12.5526325,55.6727755,6,12.3813014634146,55.7151783536585
"DK","city","Copenhaga",12.5526325,55.6727755,6,12.3813014634146,55.7151783536585
"DK","city","Copenhagen",12.5526325,55.6727755,6,12.3813014634146,55.7151783536585
"DK","city","Copenhague",12.5526325,55.6727755,6,12.3813014634146,55.7151783536585
"DK","city","Dragør",12.620111,55.581935,6,12.3813014634146,55.7151783536585
"DK","city","Egedal",12.2259245,55.761767,6,12.3813014634146,55.7151783536585
"DK","city","Fredensborg",12.4471775,55.950659,6,12.3813014634146,55.7151783536585
"DK","city","Frederiksberg",12.5247045,55.6813565,6,12.3813014634146,55.7151783536585
"DK","city","Frederikssund",12.040407,55.8281225,6,12.3813014634146,55.7151783536585
"DK","city","Furesø",12.366569,55.802024,6,12.3813014634146,55.7151783536585
"DK","city","Gentofte",12.5505365,55.750917,6,12.3813014634146,55.7151783536585
"DK","city","Gladsaxe",12.4687005,55.7464665,6,12.3813014634146,55.7151783536585
"DK","city","Glostrup",12.3997515,55.6838445,6,12.3813014634146,55.7151783536585
"DK","city","Greve",12.249915,55.5880275,6,12.3813014634146,55.7151783536585
"DK","city","Gribskov",12.2126695,56.050246,6,12.3813014634146,55.7151783536585
"DK","city","Høje-Taastrup",12.248284,55.6567675,6,12.3813014634146,55.7151783536585
"DK","city","Hørsholm",12.4796615,55.883221,6,12.3813014634146,55.7151783536585
"DK","city","Halsnæs",11.9830335,55.9550125,6,12.3813014634146,55.7151783536585
"DK","city","Helsingør",12.5064935,56.036226,6,12.3813014634146,55.7151783536585
"DK","city","Herlev",12.4265835,55.733918,6,12.3813014634146,55.7151783536585
"DK","city","Hillerød",12.237027,55.9241995,6,12.3813014634146,55.7151783536585
"DK","city","Hvidovre",12.466453,55.632002,6,12.3813014634146,55.7151783536585
"DK","city","Ishøj",12.3068685,55.6161645,6,12.3813014634146,55.7151783536585
"DK","city","København",12.5526325,55.6727755,6,12.3813014634146,55.7151783536585
"DK","city","Køge",12.066327,55.451782,6,12.3813014634146,55.7151783536585
"DK","city","Kööpenhamina",12.5526325,55.6727755,6,12.3813014634146,55.7151783536585
"DK","city","Köpenhamn",12.5526325,55.6727755,6,12.3813014634146,55.7151783536585
"DK","city","Kopenhagen",12.5526325,55.6727755,6,12.3813014634146,55.7151783536585
"DK","city","Lejre",11.92765,55.6359805,6,12.3813014634146,55.7151783536585
"DK","city","Lyngby-Taarbæk",12.5047845,55.7846775,6,12.3813014634146,55.7151783536585
"DK","city","Rødovre",12.450893,55.6898165,6,12.3813014634146,55.7151783536585
"DK","city","Roskilde",12.110457,55.6507365,6,12.3813014634146,55.7151783536585
"DK","city","Rudersdal",12.487361,55.8375425,6,12.3813014634146,55.7151783536585
"DK","city","Solrød",12.173595,55.5374635,6,12.3813014634146,55.7151783536585
"DK","city","Stevns",12.2811245,55.3308325,6,12.3813014634146,55.7151783536585
"DK","city","Tårnby",12.6499885,55.622398,6,12.3813014634146,55.7151783536585
"DK","city","Vallensbæk",12.372947,55.633072,6,12.3813014634146,55.7151783536585
"DK","city","Billund",8.9733125,55.7443095,7,8.63262825,55.73069375
"DK","city","Esbjerg",8.615768,55.408683,7,8.63262825,55.73069375
"DK","city","Fanø",8.4197215,55.4041835,7,8.63262825,55.73069375
"DK","city","Herning",8.810873,56.1459765,7,8.63262825,55.73069375
"DK","city","Ringkøbing-Skjern",8.4808815,56.017592,7,8.63262825,55.73069375
"DK","city","Varde",8.495213,55.663418,7,8.63262825,55.73069375
"DK","city","Bornholm",14.920887,55.1432165,8,15.05214325,55.23235875
"DK","city","Christiansø",15.1833995,55.321501,8,15.05214325,55.23235875
"DK","city","Faxe",12.058452,55.2692455,9,11.7462085,55.279210875
"DK","city","Guldborgsund",11.85128,54.7655345,9,11.7462085,55.279210875
"DK","city","Holbæk",11.604417,55.6604365,9,11.7462085,55.279210875
"DK","city","Næstved",11.7414455,55.261865,9,11.7462085,55.279210875
"DK","city","Ringsted",11.8079025,55.457701,9,11.7462085,55.279210875
"DK","city","Slagelse",11.30702,55.324677,9,11.7462085,55.279210875
"DK","city","Sorø",11.5146475,55.477488,9,11.7462085,55.279210875
"DK","city","Vordingborg",12.0845035,55.0167395,9,11.7462085,55.279210875
"DK","city","Frederikshavn",10.4154805,57.4606995,10,10.4154805,57.4606995
"DK","city","Holstebro",8.558635,56.3975405,11,8.649643,56.6895867857143
"DK","city","Lemvig",8.3214085,56.5620735,11,8.649643,56.6895867857143
"DK","city","Mors",8.727706,56.8217195,11,8.649643,56.6895867857143
"DK","city","Morsø",8.727706,56.8217195,11,8.649643,56.6895867857143
"DK","city","Skive",8.9866455,56.748508,11,8.649643,56.6895867857143
"DK","city","Struer",8.5674705,56.563008,11,8.649643,56.6895867857143
"DK","city","Thisted",8.6579295,56.9125385,11,8.649643,56.6895867857143
"DK","city","Kalundborg",11.163304,55.689018,12,11.3490285,55.78039975
"DK","city","Odsherred",11.534753,55.8717815,12,11.3490285,55.78039975
"DK","city","Læsø",11.027705,57.263521,13,11.027705,57.263521
"DK","city","Lolland",11.2665025,54.816726,14,11.2665025,54.816726
"DK","city","Norddjurs",10.9399305,56.516157,15,10.9399305,56.516157
"DK","city","Samsø",10.6567635,55.883821,16,10.6567635,55.883821
"DK","city","Tønder",8.856682,55.0631655,17,8.856682,55.0631655
"DK","city","Vesthimmerland",9.3581675,56.833725,18,9.3581675,56.833725
"SE","city","Ørebro",15.2851415,59.2397305,19,15.1834177222222,59.2446665
"SE","city","Arboga",15.798339,59.371546,19,15.1834177222222,59.2446665
"SE","city","Örebro",15.2851415,59.2397305,19,15.1834177222222,59.2446665
"SE","city","Askersund",14.9872955,58.844891,19,15.1834177222222,59.2446665
"SE","city","Hallsberg",15.1316195,58.993476,19,15.1834177222222,59.2446665
"SE","city","Kumla",15.138272,59.118017,19,15.1834177222222,59.2446665
"SE","city","Lekeberg",14.80555,59.1790565,19,15.1834177222222,59.2446665
"SE","city","Lindesberg",15.318482,59.672216,19,15.1834177222222,59.2446665
"SE","city","Nora",14.9009185,59.543335,19,15.1834177222222,59.2446665
"SE","city","Østersund",14.910717,63.131001,20,14.910717,63.131001
"SE","city","Östersund",14.910717,63.131001,20,14.910717,63.131001
"SE","city","Ostersund",14.910717,63.131001,20,14.910717,63.131001
"SE","city","Älmhult",14.158958,56.5961015,21,14.3035100714286,56.3750567142857
"SE","city","Alvesta",14.4800445,56.848735,21,14.3035100714286,56.3750567142857
"SE","city","Östra Göinge",14.1577005,56.2896935,21,14.3035100714286,56.3750567142857
"SE","city","Bromölla",14.4832375,56.125759,21,14.3035100714286,56.3750567142857
"SE","city","Kristianstad",14.1706825,56.029158,21,14.3035100714286,56.3750567142857
"SE","city","Olofström",14.568664,56.3256555,21,14.3035100714286,56.3750567142857
"SE","city","Osby",14.1052835,56.4102945,21,14.3035100714286,56.3750567142857
"SE","city","Älvdalen",13.246262,61.649499,22,13.246262,61.649499
"SE","city","Älvkarleby",17.6992105,60.6779195,23,17.63062,60.6220141666667
"SE","city","Gävle",17.3666965,60.7164365,23,17.63062,60.6220141666667
"SE","city","Tierp",17.825953,60.4716865,23,17.63062,60.6220141666667
"SE","city","Älvsbyn",20.732045,65.762053,24,20.732045,65.762053
"SE","city","Ängelholm",12.918331,56.2523045,25,13.1165099285714,55.9013320714286
"SE","city","Åstorp",12.9722625,56.1308835,25,13.1165099285714,55.9013320714286
"SE","city","Örkelljunga",13.3488025,56.3105815,25,13.1165099285714,55.9013320714286
"SE","city","Bjuv",12.973333,56.048121,25,13.1165099285714,55.9013320714286
"SE","city","Burlöv",13.076937,55.6348645,25,13.1165099285714,55.9013320714286
"SE","city","Eslöv",13.38439,55.8477985,25,13.1165099285714,55.9013320714286
"SE","city","Höör",13.5222875,55.9333615,25,13.1165099285714,55.9013320714286
"SE","city","Helsingborg",12.7644935,56.089654,25,13.1165099285714,55.9013320714286
"SE","city","Kävlinge",12.9896905,55.754997,25,13.1165099285714,55.9013320714286
"SE","city","Klippan",13.2520145,56.1163615,25,13.1165099285714,55.9013320714286
"SE","city","Laholm",13.132376,56.505949,25,13.1165099285714,55.9013320714286
"SE","city","Landskrona",12.8525365,55.871983,25,13.1165099285714,55.9013320714286
"SE","city","Lomma",13.0551765,55.698713,25,13.1165099285714,55.9013320714286
"SE","city","Lund",13.364465,55.659324,25,13.1165099285714,55.9013320714286
"SE","city","Malmø",12.934894,55.5798575,25,13.1165099285714,55.9013320714286
"SE","city","Malmö",12.934894,55.5798575,25,13.1165099285714,55.9013320714286
"SE","city","Malmo",12.934894,55.5798575,25,13.1165099285714,55.9013320714286
"SE","city","Perstorp",13.3669,56.1821195,25,13.1165099285714,55.9013320714286
"SE","city","Staffanstorp",13.231946,55.64995,25,13.1165099285714,55.9013320714286
"SE","city","Svalöv",13.141902,55.958439,25,13.1165099285714,55.9013320714286
"SE","city","Svedala",13.2941825,55.542996,25,13.1165099285714,55.9013320714286
"SE","city","Åmål",12.651301,58.966769,26,12.2777641666667,58.7858365
"SE","city","Bengtsfors",12.149384,59.0067045,26,12.2777641666667,58.7858365
"SE","city","Dals-Ed",11.900791,58.993407,26,12.2777641666667,58.7858365
"SE","city","Färgelanda",12.032801,58.6159705,26,12.2777641666667,58.7858365
"SE","city","Mellerud",12.5243915,58.6858505,26,12.2777641666667,58.7858365
"SE","city","Vänersborg",12.4079165,58.4463175,26,12.2777641666667,58.7858365
"SE","city","Ånge",15.6737025,62.4736195,27,15.65259925,62.66371075
"SE","city","Bräcke",15.631496,62.853802,27,15.65259925,62.66371075
"SE","city","Åre",13.190291,63.4988545,28,13.190291,63.4988545
"SE","city","Årjäng",12.101948,59.450916,29,12.134823,59.6293525
"SE","city","Eda",12.167698,59.807789,29,12.134823,59.6293525
"SE","city","Åsele",17.7229565,64.201048,30,17.7229565,64.201048
"SE","city","Åtvidaberg",16.1246775,58.2178295,31,15.846178625,58.063031125
"SE","city","Kinda",15.7261395,57.998611,31,15.846178625,58.063031125
"SE","city","Linköping",15.6655775,58.357515,31,15.846178625,58.063031125
"SE","city","Vimmerby",15.86832,57.678169,31,15.846178625,58.063031125
"SE","city","Öckerö",11.442185,57.728109,32,11.8771330277778,57.8004644444444
"SE","city","Ale",12.221056,57.962121,32,11.8771330277778,57.8004644444444
"SE","city","Gøteborg",11.73402,57.681106,32,11.8771330277778,57.8004644444444
"SE","city","Göteborg",11.73402,57.681106,32,11.8771330277778,57.8004644444444
"SE","city","Goteborg",11.73402,57.681106,32,11.8771330277778,57.8004644444444
"SE","city","Gotenburg",11.73402,57.681106,32,11.8771330277778,57.8004644444444
"SE","city","Gothenburg",11.73402,57.681106,32,11.8771330277778,57.8004644444444
"SE","city","Gutemburgo",11.73402,57.681106,32,11.8771330277778,57.8004644444444
"SE","city","Härryda",12.309557,57.6668775,32,11.8771330277778,57.8004644444444
"SE","city","Kungälv",11.62339,57.901212,32,11.8771330277778,57.8004644444444
"SE","city","Kungsbacka",11.9348885,57.3688155,32,11.8771330277778,57.8004644444444
"SE","city","Lerum",12.317682,57.853325,32,11.8771330277778,57.8004644444444
"SE","city","Lilla Edet",12.2013855,58.158166,32,11.8771330277778,57.8004644444444
"SE","city","Mölndal",12.113241,57.612672,32,11.8771330277778,57.8004644444444
"SE","city","Partille",12.1396195,57.7291235,32,11.8771330277778,57.8004644444444
"SE","city","Stenungsund",11.892106,58.058106,32,11.8771330277778,57.8004644444444
"SE","city","Tjörn",11.375235,57.9820895,32,11.8771330277778,57.8004644444444
"SE","city","Uddevalla",11.813929,58.301107,32,11.8771330277778,57.8004644444444
"SE","city","Ödeshög",14.6754495,58.219601,33,14.96001625,58.1864558125
"SE","city","Aneby",14.8038165,57.8607335,33,14.96001625,58.1864558125
"SE","city","Boxholm",15.123673,58.1303065,33,14.96001625,58.1864558125
"SE","city","Mjölby",15.1054385,58.3041795,33,14.96001625,58.1864558125
"SE","city","Motala",15.0949145,58.6415425,33,14.96001625,58.1864558125
"SE","city","Tranås",14.8375135,58.039716,33,14.96001625,58.1864558125
"SE","city","Vadstena",14.7690535,58.429541,33,14.96001625,58.1864558125
"SE","city","Ydre",15.270271,57.8660265,33,14.96001625,58.1864558125
"SE","city","Alingsås",12.5260725,57.980006,34,12.7597134444444,58.0501567222222
"SE","city","Bollebygd",12.595588,57.742221,34,12.7597134444444,58.0501567222222
"SE","city","Borås",12.9710105,57.748201,34,12.7597134444444,58.0501567222222
"SE","city","Essunga",12.774031,58.190279,34,12.7597134444444,58.0501567222222
"SE","city","Grästorp",12.647304,58.326609,34,12.7597134444444,58.0501567222222
"SE","city","Herrljunga",13.10589,58.0091795,34,12.7597134444444,58.0501567222222
"SE","city","Trollhättan",12.3572865,58.2180935,34,12.7597134444444,58.0501567222222
"SE","city","Vårgårda",12.762787,57.9874275,34,12.7597134444444,58.0501567222222
"SE","city","Vara",13.0974515,58.249394,34,12.7597134444444,58.0501567222222
"SE","city","Arjeplog",17.202483,66.3823185,35,17.202483,66.3823185
"SE","city","Örnsköldsvik",18.392183,63.413379,36,18.392183,63.413379
"SE","city","Arvidsjaur",19.197456,65.65933,37,19.197456,65.65933
"SE","city","Arvika",12.6848385,59.7608275,38,12.970739,59.5412543
"SE","city","Grums",13.000507,59.402347,38,12.970739,59.5412543
"SE","city","Kil",13.1800435,59.5691885,38,12.970739,59.5412543
"SE","city","Säffle",13.002458,59.086789,38,12.970739,59.5412543
"SE","city","Sunne",12.985848,59.8871195,38,12.970739,59.5412543
"SE","city","Degerfors",14.4513895,59.150063,39,14.1985661111111,58.6860156666667
"SE","city","Gullspång",14.005145,58.9234815,39,14.1985661111111,58.6860156666667
"SE","city","Hjo",14.262217,58.268699,39,14.1985661111111,58.6860156666667
"SE","city","Karlsborg",14.514846,58.5873705,39,14.1985661111111,58.6860156666667
"SE","city","Laxå",14.5353135,58.901639,39,14.1985661111111,58.6860156666667
"SE","city","Mariestad",13.7407415,58.7919955,39,14.1985661111111,58.6860156666667
"SE","city","Skövde",13.8870275,58.4214425,39,14.1985661111111,58.6860156666667
"SE","city","Töreboda",14.1622575,58.6734535,39,14.1985661111111,58.6860156666667
"SE","city","Tibro",14.2281575,58.4559965,39,14.1985661111111,58.6860156666667
"SE","city","Österåker",18.5617545,59.500178,40,18.02042625,59.3589332692308
"SE","city","Botkyrka",17.8238985,59.156493,40,18.02042625,59.3589332692308
"SE","city","Danderyd",18.0568725,59.4056055,40,18.02042625,59.3589332692308
"SE","city","Ekerö",17.6833695,59.355304,40,18.02042625,59.3589332692308
"SE","city","Estocolmo",17.980059,59.333671,40,18.02042625,59.3589332692308
"SE","city","Haninge",18.427353,58.919036,40,18.02042625,59.3589332692308
"SE","city","Huddinge",18.01949,59.213766,40,18.02042625,59.3589332692308
"SE","city","Järfälla",17.8153075,59.4450485,40,18.02042625,59.3589332692308
"SE","city","Knivsta",17.8816775,59.744378,40,18.02042625,59.3589332692308
"SE","city","Lidingö",18.1963485,59.359655,40,18.02042625,59.3589332692308
"SE","city","Nacka",18.2476435,59.3003715,40,18.02042625,59.3589332692308
"SE","city","Nynäshamn",18.03596,58.805907,40,18.02042625,59.3589332692308
"SE","city","Salem",17.680749,59.238427,40,18.02042625,59.3589332692308
"SE","city","Sigtuna",17.8637335,59.6468735,40,18.02042625,59.3589332692308
"SE","city","Sollentuna",17.9175525,59.446134,40,18.02042625,59.3589332692308
"SE","city","Solna",18.011037,59.3699245,40,18.02042625,59.3589332692308
"SE","city","Stoccolma",17.980059,59.333671,40,18.02042625,59.3589332692308
"SE","city","Stockholm",17.980059,59.333671,40,18.02042625,59.3589332692308
"SE","city","Sundbyberg",17.9563585,59.3781645,40,18.02042625,59.3589332692308
"SE","city","Täby",18.0658935,59.461813,40,18.02042625,59.3589332692308
"SE","city","Tukholma",17.980059,59.333671,40,18.02042625,59.3589332692308
"SE","city","Tyresö",18.3211855,59.211024,40,18.02042625,59.3589332692308
"SE","city","Upplands-Bro",17.6506225,59.533965,40,18.02042625,59.3589332692308
"SE","city","Upplands-Väsby",17.907005,59.5164965,40,18.02042625,59.3589332692308
"SE","city","Vallentuna",18.20252,59.587531,40,18.02042625,59.3589332692308
"SE","city","Vaxholm",18.2845145,59.4014855,40,18.02042625,59.3589332692308
"SE","city","Östhammar",18.4283835,60.386705,41,18.4283835,60.386705
"SE","city","Överkalix",22.5946015,66.489606,42,22.5946015,66.489606
"SE","city","Övertorneå",23.51346,66.513206,43,23.51346,66.513206
"SE","city","Avesta",16.360216,60.2239065,44,16.1008347,59.98051575
"SE","city","Fagersta",15.896168,59.948849,44,16.1008347,59.98051575
"SE","city","Hallstahammar",16.2052425,59.5657055,44,16.1008347,59.98051575
"SE","city","Hedemora",16.0252225,60.388161,44,16.1008347,59.98051575
"SE","city","Hofors",16.4030105,60.4846065,44,16.1008347,59.98051575
"SE","city","Köping",15.8743355,59.580211,44,16.1008347,59.98051575
"SE","city","Norberg",15.9440345,60.0616695,44,16.1008347,59.98051575
"SE","city","Sala",16.464344,59.9753005,44,16.1008347,59.98051575
"SE","city","Skinnskatteberg",15.7096775,59.794239,44,16.1008347,59.98051575
"SE","city","Surahammar",16.126096,59.782509,44,16.1008347,59.98051575
"SE","city","Båstad",12.575524,56.4346475,45,12.589850875,56.615849
"SE","city","Falkenberg",12.555854,56.9896945,45,12.589850875,56.615849
"SE","city","Höganäs",12.444633,56.2958415,45,12.589850875,56.615849
"SE","city","Halmstad",12.7833925,56.7432125,45,12.589850875,56.615849
"SE","city","Berg",13.49591,62.690143,46,13.49591,62.690143
"SE","city","Bjurholm",18.967192,63.964269,47,18.967192,63.964269
"SE","city","Boden",21.254209,66.047773,48,21.254209,66.047773
"SE","city","Bollnäs",16.334512,61.318429,49,16.43840925,61.1213545
"SE","city","Ockelbo",16.5423065,60.92428,49,16.43840925,61.1213545
"SE","city","Gislaved",13.4933835,57.29192,50,13.415557,57.3881655
"SE","city","Gnosjö",13.8142355,57.358591,50,13.415557,57.3881655
"SE","city","Hylte",13.2574185,56.968724,50,13.415557,57.3881655
"SE","city","Svenljunga",13.0489805,57.4109705,50,13.415557,57.3881655
"SE","city","Tranemo",13.43053,57.48794,50,13.415557,57.3881655
"SE","city","Ulricehamn",13.448794,57.8108475,50,13.415557,57.3881655
"SE","city","Borgholm",17.0116125,57.043762,51,16.715886,57.1583203333333
"SE","city","Mönsterås",16.4429435,57.0609125,51,16.715886,57.1583203333333
"SE","city","Oskarshamn",16.693102,57.3702865,51,16.715886,57.1583203333333
"SE","city","Borlänge",15.3997345,60.454216,52,15.58905225,60.423136875
"SE","city","Falun",15.820491,60.753435,52,15.58905225,60.423136875
"SE","city","Säter",15.6729375,60.4143915,52,15.58905225,60.423136875
"SE","city","Smedjebacken",15.463046,60.070505,52,15.58905225,60.423136875
"SE","city","Enköping",17.1344565,59.633964,53,17.2979070833333,59.3251461666667
"SE","city","Gnesta",17.1452955,59.061132,53,17.2979070833333,59.3251461666667
"SE","city","Håbo",17.5159705,59.625338,53,17.2979070833333,59.3251461666667
"SE","city","Nykvarn",17.402853,59.1965625,53,17.2979070833333,59.3251461666667
"SE","city","Södertälje",17.5272435,59.083811,53,17.2979070833333,59.3251461666667
"SE","city","Strängnäs",17.0616235,59.3500695,53,17.2979070833333,59.3251461666667
"SE","city","Filipstad",14.1229045,59.9026885,54,14.39066875,59.62487075
"SE","city","Hällefors",14.6428965,59.746584,54,14.39066875,59.62487075
"SE","city","Karlskoga",14.5571915,59.387516,54,14.39066875,59.62487075
"SE","city","Storfors",14.2396825,59.4626945,54,14.39066875,59.62487075
"SE","city","Forshaga",13.5152465,59.646332,55,13.6244826,59.4685884
"SE","city","Hammarö",13.552795,59.215028,55,13.6244826,59.4685884
"SE","city","Karlstad",13.5896955,59.4169995,55,13.6244826,59.4685884
"SE","city","Kristinehamn",13.964711,59.250964,55,13.6244826,59.4685884
"SE","city","Munkfors",13.499965,59.8136185,55,13.6244826,59.4685884
"SE","city","Dorotea",15.824143,64.465464,56,15.9208175,64.6821585
"SE","city","Vilhelmina",16.017492,64.898853,56,15.9208175,64.6821585
"SE","city","Eksjö",15.2269715,57.62267,57,15.5251085,57.3067511
"SE","city","Högsby",15.901169,57.115043,57,15.5251085,57.3067511
"SE","city","Hultsfred",15.8330615,57.3957245,57,15.5251085,57.3067511
"SE","city","Uppvidinge",15.4501045,57.0345605,57,15.5251085,57.3067511
"SE","city","Vetlanda",15.214236,57.3657575,57,15.5251085,57.3067511
"SE","city","Emmaboda",15.556953,56.639957,58,15.76367425,56.5748161666667
"SE","city","Kalmar",16.1488865,56.6788485,58,15.76367425,56.5748161666667
"SE","city","Karlskrona",15.728098,56.127099,58,15.76367425,56.5748161666667
"SE","city","Lessebo",15.310952,56.75164,58,15.76367425,56.5748161666667
"SE","city","Nybro",15.878023,56.8374345,58,15.76367425,56.5748161666667
"SE","city","Torsås",15.959133,56.413918,58,15.76367425,56.5748161666667
"SE","city","Heby",17.0336955,60.0655055,59,17.0336955,60.0655055
"SE","city","Eskilstuna",16.3562015,59.318917,60,16.3933022,59.2908482
"SE","city","Flen",16.7289285,59.0560825,60,16.3933022,59.2908482
"SE","city","Katrineholm",16.1939735,59.0159835,60,16.3933022,59.2908482
"SE","city","Kungsör",16.0872315,59.41399,60,16.3933022,59.2908482
"SE","city","Västerås",16.600176,59.649268,60,16.3933022,59.2908482
"SE","city","Finspång",15.797042,58.8092675,61,15.842093,58.93731075
"SE","city","Vingåker",15.887144,59.065354,61,15.842093,58.93731075
"SE","city","Falköping",13.540572,58.1748735,62,13.372952375,58.428242
"SE","city","Götene",13.4475155,58.5945165,62,13.372952375,58.428242
"SE","city","Lidköping",13.035949,58.5647635,62,13.372952375,58.428242
"SE","city","Skara",13.467773,58.3788145,62,13.372952375,58.428242
"SE","city","Habo",14.0853535,57.9753315,63,14.0279448,57.8808961
"SE","city","Jönköping",14.158726,57.865052,63,14.0279448,57.8808961
"SE","city","Mullsjö",13.8247335,57.942644,63,14.0279448,57.8808961
"SE","city","Tidaholm",13.9318875,58.143825,63,14.0279448,57.8808961
"SE","city","Vaggeryd",14.1390235,57.477628,63,14.0279448,57.8808961
"SE","city","Mark",12.616132,57.4556265,64,12.431369,57.3062655
"SE","city","Varberg",12.246606,57.1569045,64,12.431369,57.3062655
"SE","city","Hagfors",13.591122,60.0908275,65,13.591122,60.0908275
"SE","city","Gällivare",19.4656435,67.198665,66,19.4656435,67.198665
"SE","city","Gagnef",14.9194265,60.456721,67,14.899423125,60.336809125
"SE","city","Leksand",15.000612,60.7425555,67,14.899423125,60.336809125
"SE","city","Ljusnarsberg",14.9830865,59.93955,67,14.899423125,60.336809125
"SE","city","Ludvika",14.6945675,60.20841,67,14.899423125,60.336809125
"SE","city","Ljungby",13.8009975,56.8264385,68,13.8182933333333,56.8326863333333
"SE","city","Markaryd",13.611797,56.5407945,68,13.8182933333333,56.8326863333333
"SE","city","Värnamo",14.0420855,57.130826,68,13.8182933333333,56.8326863333333
"SE","city","Nyköping",17.048941,58.728295,69,17.3456675,58.6664325
"SE","city","Oxelösund",17.33424,58.542665,69,17.3456675,58.6664325
"SE","city","Trosa",17.6538215,58.7283375,69,17.3456675,58.6664325
"SE","city","Gotland",18.661315,57.696298,70,18.661315,57.696298
"SE","city","Gotlanti",18.661315,57.696298,70,18.661315,57.696298
"SE","city","Härjedalen",13.7429415,62.164232,71,13.7429415,62.164232
"SE","city","Härnösand",17.88509,62.6602695,72,17.8621406666667,62.7151231666667
"SE","city","Kramfors",18.084123,62.9003405,72,17.8621406666667,62.7151231666667
"SE","city","Timrå",17.617209,62.5847595,72,17.8621406666667,62.7151231666667
"SE","city","Hässleholm",13.7187285,56.183257,73,13.8097530833333,55.67400825
"SE","city","Hörby",13.7546635,55.841406,73,13.8097530833333,55.67400825
"SE","city","Sjöbo",13.751483,55.642802,73,13.8097530833333,55.67400825
"SE","city","Skurup",13.6211185,55.373925,73,13.8097530833333,55.67400825
"SE","city","Tomelilla",14.008032,55.626163,73,13.8097530833333,55.67400825
"SE","city","Ystad",14.004493,55.3764965,73,13.8097530833333,55.67400825
"SE","city","Nässjö",14.641531,57.607694,74,14.618906,57.46246425
"SE","city","Sävsjö",14.596281,57.3172345,74,14.618906,57.46246425
"SE","city","Haparanda",23.754817,65.748327,75,23.754817,65.748327
"SE","city","Hudiksvall",17.0411755,61.788787,76,17.0541605,61.91692925
"SE","city","Nordanstig",17.0671455,62.0450715,76,17.0541605,61.91692925
"SE","city","Jokkmokk",18.6875185,66.9073215,77,18.6875185,66.9073215
"SE","city","Kalix",23.0083025,65.7634915,78,23.0083025,65.7634915
"SE","city","Karlshamn",14.940438,56.142973,79,15.008784625,56.216097125
"SE","city","Ronneby",15.227419,56.198185,79,15.008784625,56.216097125
"SE","city","Sölvesborg",14.8825075,55.983296,79,15.008784625,56.216097125
"SE","city","Tingsryd",14.984774,56.5399345,79,15.008784625,56.216097125
"SE","city","Kiiruna",20.592823,68.207941,80,20.592823,68.207941
"SE","city","Kiruna",20.592823,68.207941,80,20.592823,68.207941
"SE","city","Krokom",14.1914965,63.802911,81,14.1914965,63.802911
"SE","city","Ljusdal",15.5396215,61.913626,82,15.5396215,61.913626
"SE","city","Lulea",22.2299115,65.691135,83,22.2299115,65.691135
"SE","city","Luleå",22.2299115,65.691135,83,22.2299115,65.691135
"SE","city","Luulaja",22.2299115,65.691135,83,22.2299115,65.691135
"SE","city","Lycksele",18.41001,64.6515525,84,18.41001,64.6515525
"SE","city","Lysekil",11.210916,58.333172,85,11.3009169,58.4381282
"SE","city","Munkedal",11.67971,58.606914,85,11.3009169,58.4381282
"SE","city","Orust",11.382054,58.177278,85,11.3009169,58.4381282
"SE","city","Sotenäs",11.0727265,58.3958035,85,11.3009169,58.4381282
"SE","city","Tanum",11.159178,58.6774735,85,11.3009169,58.4381282
"SE","city","Mörbylånga",16.6437,56.338615,86,16.6437,56.338615
"SE","city","Malå",18.779528,65.254725,87,18.779528,65.254725
"SE","city","Malung",13.345661,60.848324,88,13.2047113333333,60.7470671666667
"SE","city","Malung-Sälen",13.345661,60.848324,88,13.2047113333333,60.7470671666667
"SE","city","Torsby",12.922812,60.5445535,88,13.2047113333333,60.7470671666667
"SE","city","Mora",14.292046,61.1428965,89,14.49532575,61.23252625
"SE","city","Orsa",14.6986055,61.322156,89,14.49532575,61.23252625
"SE","city","Nordmaling",19.503328,63.4848305,90,19.60184875,63.71098225
"SE","city","Vännäs",19.7003695,63.937134,90,19.60184875,63.71098225
"SE","city","Norkoping",16.5790055,58.602377,91,16.6828192,58.4778727
"SE","city","Norrkøping",16.5790055,58.602377,91,16.6828192,58.4778727
"SE","city","Norrköping",16.5790055,58.602377,91,16.6828192,58.4778727
"SE","city","Söderköping",16.7780555,58.3921065,91,16.6828192,58.4778727
"SE","city","Valdemarsvik",16.899024,58.190126,91,16.6828192,58.4778727
"SE","city","Norrtälje",19.0380985,59.752392,92,19.0380985,59.752392
"SE","city","Norsjö",19.487677,64.931062,93,19.52258775,64.66367425
"SE","city","Vindeln",19.5574985,64.3962865,93,19.52258775,64.66367425
"SE","city","Ovanåker",15.7345055,61.3159185,94,15.52567125,61.25994825
"SE","city","Rättvik",15.316837,61.203978,94,15.52567125,61.25994825
"SE","city","Pajala",22.867224,67.406884,95,22.867224,67.406884
"SE","city","Piteå",21.0645695,65.281744,96,21.0645695,65.281744
"SE","city","Ragunda",16.110442,63.1616565,97,16.110442,63.1616565
"SE","city","Robertsfors",20.980354,64.142784,98,20.677042375,63.90647775
"SE","city","Umea",20.5759385,63.827709,98,20.677042375,63.90647775
"SE","city","Umeå",20.5759385,63.827709,98,20.677042375,63.90647775
"SE","city","Uumaja",20.5759385,63.827709,98,20.677042375,63.90647775
"SE","city","Söderhamn",17.1928605,61.287574,99,17.1928605,61.287574
"SE","city","Sandviken",16.5702605,60.48991,100,16.5702605,60.48991
"SE","city","Simrishamn",14.3815795,55.559747,101,14.3815795,55.559747
"SE","city","Skellefteå",20.7074715,64.745622,102,20.7074715,64.745622
"SE","city","Trelleborg",13.2531885,55.3237035,103,13.07483675,55.32996025
"SE","city","Vellinge",12.896485,55.336217,103,13.07483675,55.32996025
"SE","city","Sollefteå",16.9236905,63.441999,104,16.9236905,63.441999
"SE","city","Sorsele",16.6246055,65.6908225,105,16.42626025,65.5655105
"SE","city","Storuman",16.227915,65.4401985,105,16.42626025,65.5655105
"SE","city","Strömstad",11.033549,58.9541845,106,11.033549,58.9541845
"SE","city","Strömsund",15.185727,64.2329895,107,15.185727,64.2329895
"SE","city","Sundsvall",17.242557,62.516543,108,17.242557,62.516543
"SE","city","Uppsala",17.776644,59.9583985,109,17.776644,59.9583985
"SE","city","Upsala",17.776644,59.9583985,109,17.776644,59.9583985
"SE","city","Värmdö",18.9564565,59.1866635,110,18.9564565,59.1866635
"SE","city","Västervik",16.669393,57.8294575,111,16.669393,57.8294575
"SE","city","Växjø",14.8548775,56.918339,112,14.8548775,56.918339
"SE","city","Växjö",14.8548775,56.918339,112,14.8548775,56.918339
"SE","city","Vansbro",14.2689575,60.460521,113,14.2689575,60.460521
"NO","city","Øksnes",15.017215,68.9591805,114,14.7512865,68.606516625
"NO","city","Bø",14.5458355,68.700065,114,14.7512865,68.606516625
"NO","city","Hadsel",14.841351,68.506029,114,14.7512865,68.606516625
"NO","city","Vågan",14.6007445,68.260792,114,14.7512865,68.606516625
"NO","city","Ørland",9.524905,63.6823665,115,9.724856875,63.4687084375
"NO","city","Agdenes",9.6209855,63.5301755,115,9.724856875,63.4687084375
"NO","city","Bjugn",9.687458,63.8468385,115,9.724856875,63.4687084375
"NO","city","Meldal",9.71928,63.016885,115,9.724856875,63.4687084375
"NO","city","Orkdal",9.700907,63.3057095,115,9.724856875,63.4687084375
"NO","city","Rissa",10.0953635,63.6612115,115,9.724856875,63.4687084375
"NO","city","Skaun",10.0599185,63.2717165,115,9.724856875,63.4687084375
"NO","city","Snillfjord",9.3900375,63.4347645,115,9.724856875,63.4687084375
"NO","city","Ørskog",6.8996955,62.4787715,116,6.73181446153846,62.5395995
"NO","city","Ørsta",6.3547545,62.2183195,116,6.73181446153846,62.5395995
"NO","city","Ålesund",6.3119525,62.4647145,116,6.73181446153846,62.5395995
"NO","city","Aukra",6.8258875,62.83544,116,6.73181446153846,62.5395995
"NO","city","Fræna",7.073979,62.9150785,116,6.73181446153846,62.5395995
"NO","city","Haram",6.4194245,62.630117,116,6.73181446153846,62.5395995
"NO","city","Midsund",6.722133,62.700431,116,6.73181446153846,62.5395995
"NO","city","Sandøy",6.5263755,62.795753,116,6.73181446153846,62.5395995
"NO","city","Skodje",6.64543,62.49879,116,6.73181446153846,62.5395995
"NO","city","Stordal",7.081338,62.401508,116,6.73181446153846,62.5395995
"NO","city","Stranda",7.0384465,62.1678365,116,6.73181446153846,62.5395995
"NO","city","Sykkylven",6.6254735,62.34307,116,6.73181446153846,62.5395995
"NO","city","Vestnes",6.988698,62.564964,116,6.73181446153846,62.5395995
"NO","city","Eid",5.9745425,61.9265555,117,5.87158594444444,62.2590107777778
"NO","city","Giske",6.0001915,62.5554575,117,5.87158594444444,62.2590107777778
"NO","city","Hareid",6.0399665,62.359944,117,5.87158594444444,62.2590107777778
"NO","city","Herøy",5.553301,62.3247895,117,5.87158594444444,62.2590107777778
"NO","city","Sande",5.526791,62.211935,117,5.87158594444444,62.2590107777778
"NO","city","Sula",6.202669,62.4093585,117,5.87158594444444,62.2590107777778
"NO","city","Ulstein",5.8225995,62.354543,117,5.87158594444444,62.2590107777778
"NO","city","Vanylven",5.6106355,62.089082,117,5.87158594444444,62.2590107777778
"NO","city","Volda",6.113577,62.099432,117,5.87158594444444,62.2590107777778
"NO","city","Østre Toten",10.9140255,60.621749,118,10.8883969848485,59.8866790606061
"NO","city","Ås",10.782598,59.6794155,118,10.8883969848485,59.8866790606061
"NO","city","Asker",10.4476505,59.83837,118,10.8883969848485,59.8866790606061
"NO","city","Askim",11.175837,59.596849,118,10.8883969848485,59.8866790606061
"NO","city","Bærum",10.505899,59.928797,118,10.8883969848485,59.8866790606061
"NO","city","Eidsvoll",11.2464405,60.414834,118,10.8883969848485,59.8866790606061
"NO","city","Enebakk",11.0880485,59.769057,118,10.8883969848485,59.8866790606061
"NO","city","Fet",11.21356,59.87108,118,10.8883969848485,59.8866790606061
"NO","city","Frogn",10.6445395,59.69542,118,10.8883969848485,59.8866790606061
"NO","city","Gjerdrum",11.0137145,60.078862,118,10.8883969848485,59.8866790606061
"NO","city","Gran",10.529954,60.4385035,118,10.8883969848485,59.8866790606061
"NO","city","Hobøl",10.9206005,59.610132,118,10.8883969848485,59.8866790606061
"NO","city","Hurdal",10.906059,60.4222465,118,10.8883969848485,59.8866790606061
"NO","city","Hurum",10.512699,59.571634,118,10.8883969848485,59.8866790606061
"NO","city","Lørenskog",10.969331,59.897207,118,10.8883969848485,59.8866790606061
"NO","city","Lunner",10.6607075,60.235721,118,10.8883969848485,59.8866790606061
"NO","city","Moss",10.6613725,59.4624355,118,10.8883969848485,59.8866790606061
"NO","city","Nannestad",10.95063,60.228055,118,10.8883969848485,59.8866790606061
"NO","city","Nesodden",10.6423655,59.803637,118,10.8883969848485,59.8866790606061
"NO","city","Nittedal",10.835659,60.080254,118,10.8883969848485,59.8866790606061
"NO","city","Oppegård",10.779439,59.8022875,118,10.8883969848485,59.8866790606061
"NO","city","Oslo",10.721526,59.9724055,118,10.8883969848485,59.8866790606061
"NO","city","Rælingen",11.092147,59.890805,118,10.8883969848485,59.8866790606061
"NO","city","Røyken",10.4239105,59.7344545,118,10.8883969848485,59.8866790606061
"NO","city","Sørum",11.2479,59.9778525,118,10.8883969848485,59.8866790606061
"NO","city","Skedsmo",11.056229,59.9912445,118,10.8883969848485,59.8866790606061
"NO","city","Ski",10.89545,59.725388,118,10.8883969848485,59.8866790606061
"NO","city","Skiptvet",11.1495955,59.470821,118,10.8883969848485,59.8866790606061
"NO","city","Spydeberg",11.1092105,59.6025685,118,10.8883969848485,59.8866790606061
"NO","city","Trøgstad",11.3462815,59.670667,118,10.8883969848485,59.8866790606061
"NO","city","Ullensaker",11.188485,60.1538205,118,10.8883969848485,59.8866790606061
"NO","city","Våler",10.952066,59.4639435,118,10.8883969848485,59.8866790606061
"NO","city","Vestby",10.7331695,59.559892,118,10.8883969848485,59.8866790606061
"NO","city","Øvre Eiker",9.853781,59.744093,119,10.1446284761905,59.5121462380952
"NO","city","Andebu",10.103307,59.286676,119,10.1446284761905,59.5121462380952
"NO","city","Drammen",10.165368,59.728001,119,10.1446284761905,59.5121462380952
"NO","city","Hof",10.038168,59.5557025,119,10.1446284761905,59.5121462380952
"NO","city","Hole",10.298816,60.0423285,119,10.1446284761905,59.5121462380952
"NO","city","Holmestrand",10.2318325,59.511671,119,10.1446284761905,59.5121462380952
"NO","city","Horten",10.4641575,59.413742,119,10.1446284761905,59.5121462380952
"NO","city","Kongsberg",9.696932,59.5946355,119,10.1446284761905,59.5121462380952
"NO","city","Lardal",9.9096245,59.3644165,119,10.1446284761905,59.5121462380952
"NO","city","Larvik",10.024156,59.131701,119,10.1446284761905,59.5121462380952
"NO","city","Lier",10.2193465,59.843786,119,10.1446284761905,59.5121462380952
"NO","city","Modum",10.004151,60.010314,119,10.1446284761905,59.5121462380952
"NO","city","Nøtterøy",10.4940275,59.2020715,119,10.1446284761905,59.5121462380952
"NO","city","Nedre Eiker",10.036559,59.7630525,119,10.1446284761905,59.5121462380952
"NO","city","Re",10.244016,59.4101055,119,10.1446284761905,59.5121462380952
"NO","city","Sande",10.217772,59.586606,119,10.1446284761905,59.5121462380952
"NO","city","Sandefjord",10.2392715,59.1069125,119,10.1446284761905,59.5121462380952
"NO","city","Siljan",9.7302145,59.3098395,119,10.1446284761905,59.5121462380952
"NO","city","Stokke",10.2612605,59.2401085,119,10.1446284761905,59.5121462380952
"NO","city","Svelvik",10.363027,59.615408,119,10.1446284761905,59.5121462380952
"NO","city","Tønsberg",10.44141,59.2939,119,10.1446284761905,59.5121462380952
"NO","city","Fredrikstad",10.866936,59.198154,120,10.8175481666667,59.2122598333333
"NO","city","Hvaler",10.906964,59.0154895,120,10.8175481666667,59.2122598333333
"NO","city","Råde",10.7853665,59.3379045,120,10.8175481666667,59.2122598333333
"NO","city","Rygge",10.701844,59.366454,120,10.8175481666667,59.2122598333333
"NO","city","Sarpsborg",11.1475445,59.2590735,120,10.8175481666667,59.2122598333333
"NO","city","Tjøme",10.496634,59.0964835,120,10.8175481666667,59.2122598333333
"NO","city","Øyer",10.5148185,61.3272525,121,10.4128548125,61.0178211875
"NO","city","Gjøvik",10.4582035,60.871649,121,10.4128548125,61.0178211875
"NO","city","Lillehammer",10.390771,61.1335215,121,10.4128548125,61.0178211875
"NO","city","Nordre Land",9.9424895,60.9455705,121,10.4128548125,61.0178211875
"NO","city","Ringebu",10.321356,61.5572085,121,10.4128548125,61.0178211875
"NO","city","Ringsaker",10.780703,60.9770265,121,10.4128548125,61.0178211875
"NO","city","Søndre Land",10.269559,60.7025625,121,10.4128548125,61.0178211875
"NO","city","Vestre Toten",10.624938,60.6277785,121,10.4128548125,61.0178211875
"NO","city","Øygarden",4.84993,60.599125,122,5.1585125,60.53833909375
"NO","city","Askøy",5.0842845,60.511561,122,5.1585125,60.53833909375
"NO","city","Austevoll",5.144252,60.062836,122,5.1585125,60.53833909375
"NO","city","Austrheim",4.8532495,60.801654,122,5.1585125,60.53833909375
"NO","city","Bergen",5.4234775,60.3591995,122,5.1585125,60.53833909375
"NO","city","Fedje",4.6901345,60.8118165,122,5.1585125,60.53833909375
"NO","city","Fjell",5.0087905,60.3639255,122,5.1585125,60.53833909375
"NO","city","Gulen",5.1264485,60.960367,122,5.1585125,60.53833909375
"NO","city","Lindås",5.337401,60.6924365,122,5.1585125,60.53833909375
"NO","city","Masfjorden",5.4910165,60.84439,122,5.1585125,60.53833909375
"NO","city","Meland",5.103758,60.5637225,122,5.1585125,60.53833909375
"NO","city","Mons",5.4234775,60.3591995,122,5.1585125,60.53833909375
"NO","city","Os",5.4292785,60.218029,122,5.1585125,60.53833909375
"NO","city","Osterøy",5.517901,60.571392,122,5.1585125,60.53833909375
"NO","city","Radøy",4.9977635,60.6691795,122,5.1585125,60.53833909375
"NO","city","Sund",5.055037,60.224592,122,5.1585125,60.53833909375
"NO","city","Øystre Slidre",9.0935935,61.2509455,123,9.16359175,60.9286836666667
"NO","city","Etnedal",9.596498,60.9637385,123,9.16359175,60.9286836666667
"NO","city","Gol",9.0268735,60.751996,123,9.16359175,60.9286836666667
"NO","city","Nes",9.058165,60.547575,123,9.16359175,60.9286836666667
"NO","city","Nord-Aurdal",9.289829,61.0042935,123,9.16359175,60.9286836666667
"NO","city","Vestre Slidre",8.9165915,61.0535535,123,9.16359175,60.9286836666667
"NO","city","Åfjord",10.1851845,63.9535705,124,10.6299390555556,63.9711670555556
"NO","city","Flatanger",10.736717,64.460628,124,10.6299390555556,63.9711670555556
"NO","city","Frosta",10.683491,63.5879765,124,10.6299390555556,63.9711670555556
"NO","city","Inderøy",11.080646,63.8515495,124,10.6299390555556,63.9711670555556
"NO","city","Leksvik",10.504658,63.6451495,124,10.6299390555556,63.9711670555556
"NO","city","Mosvik",10.8633875,63.8086945,124,10.6299390555556,63.9711670555556
"NO","city","Osen",10.4835295,64.3042825,124,10.6299390555556,63.9711670555556
"NO","city","Roan",10.255421,64.186691,124,10.6299390555556,63.9711670555556
"NO","city","Verran",10.876417,63.9419615,124,10.6299390555556,63.9711670555556
"NO","city","Ål",8.309576,60.6971085,125,8.292863875,60.630435
"NO","city","Hemsedal",8.479241,60.9292885,125,8.292863875,60.630435
"NO","city","Hol",8.0298525,60.6039675,125,8.292863875,60.630435
"NO","city","Nore og Uvdal",8.352786,60.2913755,125,8.292863875,60.630435
"NO","city","Åmli",8.359757,58.8004135,126,8.13419820833333,58.3941322916667
"NO","city","Arendal",8.7719145,58.492424,126,8.13419820833333,58.3941322916667
"NO","city","Birkenes",8.188141,58.4390355,126,8.13419820833333,58.3941322916667
"NO","city","Evje og Hornnes",7.774698,58.587461,126,8.13419820833333,58.3941322916667
"NO","city","Froland",8.3577445,58.5867425,126,8.13419820833333,58.3941322916667
"NO","city","Grimstad",8.5403055,58.3612505,126,8.13419820833333,58.3941322916667
"NO","city","Iveland",7.9455305,58.434984,126,8.13419820833333,58.3941322916667
"NO","city","Kristiansand",8.032693,58.157675,126,8.13419820833333,58.3941322916667
"NO","city","Lillesand",8.3105995,58.210069,126,8.13419820833333,58.3941322916667
"NO","city","Søgne",7.7635605,58.081105,126,8.13419820833333,58.3941322916667
"NO","city","Songdalen",7.716731,58.2386755,126,8.13419820833333,58.3941322916667
"NO","city","Vennesla",7.8487035,58.339752,126,8.13419820833333,58.3941322916667
"NO","city","Åmot",11.4376125,61.2585235,127,11.5197590714286,60.8539586428571
"NO","city","Elverum",11.73004,60.972772,127,11.5197590714286,60.8539586428571
"NO","city","Hamar",11.1316925,61.0025035,127,11.5197590714286,60.8539586428571
"NO","city","Løten",11.432062,60.8650765,127,11.5197590714286,60.8539586428571
"NO","city","Nord-Odal",11.589844,60.439902,127,11.5197590714286,60.8539586428571
"NO","city","Stange",11.340981,60.625518,127,11.5197590714286,60.8539586428571
"NO","city","Våler",11.9760815,60.813415,127,11.5197590714286,60.8539586428571
"NO","city","Årdal",7.8183825,61.28603,128,7.67429683333333,61.2772843333333
"NO","city","Lærdal",7.6406725,61.0261195,128,7.67429683333333,61.2772843333333
"NO","city","Luster",7.5638355,61.5197035,128,7.67429683333333,61.2772843333333
"NO","city","Aremark",11.6915875,59.18526,129,11.563961,59.4495889285714
"NO","city","Aurskog-Høland",11.6007315,59.808689,129,11.563961,59.4495889285714
"NO","city","Eidsberg",11.368358,59.5286745,129,11.563961,59.4495889285714
"NO","city","Halden",11.4386415,59.0687735,129,11.563961,59.4495889285714
"NO","city","Marker",11.657252,59.4891075,129,11.563961,59.4495889285714
"NO","city","Rømskog",11.79803,59.7062075,129,11.563961,59.4495889285714
"NO","city","Rakkestad",11.3931265,59.3604105,129,11.563961,59.4495889285714
"NO","city","Åseral",7.404839,58.683832,130,7.31633816666667,58.392349
"NO","city","Audnedal",7.385366,58.371318,130,7.31633816666667,58.392349
"NO","city","Bygland",7.5243955,58.872061,130,7.31633816666667,58.392349
"NO","city","Hægebostad",7.2234045,58.476683,130,7.31633816666667,58.392349
"NO","city","Kvinesdal",6.9485395,58.5178945,130,7.31633816666667,58.392349
"NO","city","Lindesnes",7.239031,58.106199,130,7.31633816666667,58.392349
"NO","city","Lyngdal",7.0749165,58.1414115,130,7.31633816666667,58.392349
"NO","city","Mandal",7.4866495,58.0571435,130,7.31633816666667,58.392349
"NO","city","Marnardal",7.559902,58.3045985,130,7.31633816666667,58.392349
"NO","city","Åsnes",12.1196835,60.681112,131,11.97512975,60.2762093333333
"NO","city","Eidskog",12.0753655,59.989702,131,11.97512975,60.2762093333333
"NO","city","Grue",12.201272,60.413739,131,11.97512975,60.2762093333333
"NO","city","Kongsvinger",12.186408,60.1896605,131,11.97512975,60.2762093333333
"NO","city","Nes",11.538501,60.170835,131,11.97512975,60.2762093333333
"NO","city","Sør-Odal",11.7295485,60.2122075,131,11.97512975,60.2762093333333
"NO","city","Alstahaug",12.422369,65.863589,132,12.3426132,65.8296867
"NO","city","Brønnøy",12.2828085,65.4140215,132,12.3426132,65.8296867
"NO","city","Dønna",12.374224,66.165398,132,12.3426132,65.8296867
"NO","city","Herøy",12.010807,66.0527985,132,12.3426132,65.8296867
"NO","city","Vevelstad",12.6228575,65.6526265,132,12.3426132,65.8296867
"NO","city","Alta",23.202575,70.0481815,133,23.202575,70.0481815
"NO","city","Alvdal",10.527088,62.096627,134,10.7411086666667,62.2760276666667
"NO","city","Tolga",11.084893,62.3712915,134,10.7411086666667,62.2760276666667
"NO","city","Tynset",10.611345,62.3601645,134,10.7411086666667,62.2760276666667
"NO","city","Andøy",15.8270165,69.049734,135,15.724821,68.730682875
"NO","city","Kvæfjord",16.016167,68.720216,135,15.724821,68.730682875
"NO","city","Lødingen",15.646575,68.3931485,135,15.724821,68.730682875
"NO","city","Sortland",15.4095255,68.759633,135,15.724821,68.730682875
"NO","city","Askvoll",4.970641,61.362047,136,5.08623733333333,61.38162625
"NO","city","Bremanger",5.2359195,61.8037465,136,5.08623733333333,61.38162625
"NO","city","Fjaler",5.27655,61.281813,136,5.08623733333333,61.38162625
"NO","city","Flora",5.060242,61.60942,136,5.08623733333333,61.38162625
"NO","city","Hyllestad",5.184704,61.168242,136,5.08623733333333,61.38162625
"NO","city","Solund",4.7893675,61.064489,136,5.08623733333333,61.38162625
"NO","city","Aure",8.3299665,63.284865,137,8.3145834,63.2580517
"NO","city","Halsa",8.4615935,63.100166,137,8.3145834,63.2580517
"NO","city","Hitra",8.6613885,63.5471165,137,8.3145834,63.2580517
"NO","city","Smøla",7.9793725,63.4006835,137,8.3145834,63.2580517
"NO","city","Tingvoll",8.140596,62.9574275,137,8.3145834,63.2580517
"NO","city","Aurland",7.235878,60.8711455,138,7.0733789,60.5201917
"NO","city","Eidfjord",7.288376,60.345452,138,7.0733789,60.5201917
"NO","city","Granvin",6.6679485,60.536338,138,7.0733789,60.5201917
"NO","city","Ullensvang",6.932841,60.2441595,138,7.0733789,60.5201917
"NO","city","Ulvik",7.241851,60.6038635,138,7.0733789,60.5201917
"NO","city","Averøy",7.5130245,63.0641245,139,7.5410824,62.97242
"NO","city","Eide",7.364584,62.9968775,139,7.5410824,62.97242
"NO","city","Gjemnes",7.760906,62.920084,139,7.5410824,62.97242
"NO","city","Kristiansund",7.6818325,63.130354,139,7.5410824,62.97242
"NO","city","Molde",7.385065,62.75066,139,7.5410824,62.97242
"NO","city","Bø",9.002212,59.4397645,140,9.16874331818182,59.0371408636364
"NO","city","Bamble",9.5403935,59.025372,140,9.16874331818182,59.0371408636364
"NO","city","Drangedal",8.9892115,59.0909785,140,9.16874331818182,59.0371408636364
"NO","city","Gjerstad",8.973081,58.878291,140,9.16874331818182,59.0371408636364
"NO","city","Kragerø",9.4425155,58.88195,140,9.16874331818182,59.0371408636364
"NO","city","Nome",9.131587,59.2641645,140,9.16874331818182,59.0371408636364
"NO","city","Risør",9.178101,58.7413485,140,9.16874331818182,59.0371408636364
"NO","city","Sauherad",9.3088585,59.440991,140,9.16874331818182,59.0371408636364
"NO","city","Skien",9.5031305,59.2664385,140,9.16874331818182,59.0371408636364
"NO","city","Tvedestrand",8.967703,58.6239495,140,9.16874331818182,59.0371408636364
"NO","city","Vegårshei",8.819383,58.7553015,140,9.16874331818182,59.0371408636364
"NO","city","Bømlo",5.0934125,59.8229165,141,5.43120913333333,59.4458112
"NO","city","Bokn",5.485952,59.1964205,141,5.43120913333333,59.4458112
"NO","city","Finnøy",5.8477985,59.199534,141,5.43120913333333,59.4458112
"NO","city","Fitjar",5.277841,59.902039,141,5.43120913333333,59.4458112
"NO","city","Haugesund",5.178041,59.448777,141,5.43120913333333,59.4458112
"NO","city","Karmøy",5.160933,59.2474805,141,5.43120913333333,59.4458112
"NO","city","Kvitsøy",5.3931395,59.0558905,141,5.43120913333333,59.4458112
"NO","city","Randaberg",5.559957,59.021268,141,5.43120913333333,59.4458112
"NO","city","Rennesøy",5.6713295,59.1085975,141,5.43120913333333,59.4458112
"NO","city","Stord",5.485216,59.8233815,141,5.43120913333333,59.4458112
"NO","city","Sveio",5.3773545,59.6190725,141,5.43120913333333,59.4458112
"NO","city","Tysnes",5.5405075,59.981902,141,5.43120913333333,59.4458112
"NO","city","Tysvær",5.6350275,59.367405,141,5.43120913333333,59.4458112
"NO","city","Utsira",4.940304,59.3145945,141,5.43120913333333,59.4458112
"NO","city","Vindafjord",5.8213235,59.577889,141,5.43120913333333,59.4458112
"NO","city","Båtsfjord",30.0337495,70.518812,142,29.9015755,70.35898625
"NO","city","Vadsø",29.7694015,70.1991605,142,29.9015755,70.35898625
"NO","city","Balestrand",6.515413,61.332357,143,6.11065457142857,61.4420138571429
"NO","city","Førde",6.079745,61.462414,143,6.11065457142857,61.4420138571429
"NO","city","Gaular",5.9157885,61.3308105,143,6.11065457142857,61.4420138571429
"NO","city","Gloppen",6.1968055,61.727106,143,6.11065457142857,61.4420138571429
"NO","city","Høyanger",5.890068,61.12535,143,6.11065457142857,61.4420138571429
"NO","city","Jølster",6.412083,61.56924,143,6.11065457142857,61.4420138571429
"NO","city","Naustdal",5.764679,61.5468195,143,6.11065457142857,61.4420138571429
"NO","city","Ballangen",16.6177445,68.244574,144,16.93245325,68.549908375
"NO","city","Evenes",16.9569935,68.496635,144,16.93245325,68.549908375
"NO","city","Ibestad",17.1137485,68.839805,144,16.93245325,68.549908375
"NO","city","Skånland",17.0413265,68.6186195,144,16.93245325,68.549908375
"NO","city","Balsfjord",19.1584665,69.28094,145,19.1753825,68.9835801666667
"NO","city","Bardu",19.1086275,68.7028375,145,19.1753825,68.9835801666667
"NO","city","Målselv",19.2590535,68.966963,145,19.1753825,68.9835801666667
"NO","city","Porsgrunn",9.751645,59.1060115,146,9.751645,59.1060115
"NO","city","Beiarn",14.666492,66.8919555,147,14.513526,66.6658455
"NO","city","Rana",14.36056,66.4397355,147,14.513526,66.6658455
"NO","city","Berg",17.345736,69.4543355,148,17.55668425,68.98949125
"NO","city","Dyrøy",17.64896,69.027001,148,17.55668425,68.98949125
"NO","city","Gratangen",17.5036175,68.716244,148,17.55668425,68.98949125
"NO","city","Lavangen",17.738943,68.716868,148,17.55668425,68.98949125
"NO","city","Salangen",17.8270705,68.8747805,148,17.55668425,68.98949125
"NO","city","Tranøy",17.2757785,69.1477185,148,17.55668425,68.98949125
"NO","city","Berlevåg",29.065419,70.7061425,149,29.065419,70.7061425
"NO","city","Bindal",12.2432455,65.1466645,150,12.083189875,65.026225875
"NO","city","Høylandet",12.378273,64.7566215,150,12.083189875,65.026225875
"NO","city","Nærøy",11.7696865,64.8886355,150,12.083189875,65.026225875
"NO","city","Sømna",11.9415545,65.312982,150,12.083189875,65.026225875
"NO","city","Bjarkøy",16.5383325,69.098923,151,16.4430341666667,68.8409783333333
"NO","city","Harstad",16.4914835,68.9223965,151,16.4430341666667,68.8409783333333
"NO","city","Tjeldsund",16.2992865,68.5016155,151,16.4430341666667,68.8409783333333
"NO","city","Bjerkreim",6.243571,58.6544005,152,6.32359827272727,58.7423489090909
"NO","city","Eigersund",6.1549015,58.49926,152,6.32359827272727,58.7423489090909
"NO","city","Flekkefjord",6.635587,58.3507105,152,6.32359827272727,58.7423489090909
"NO","city","Forsand",6.4501595,59.019317,152,6.32359827272727,58.7423489090909
"NO","city","Gjesdal",6.2336955,58.8313855,152,6.32359827272727,58.7423489090909
"NO","city","Hjelmeland",6.406395,59.205422,152,6.32359827272727,58.7423489090909
"NO","city","Lund",6.447768,58.4638495,152,6.32359827272727,58.7423489090909
"NO","city","Sandnes",5.8591715,58.882668,152,6.32359827272727,58.7423489090909
"NO","city","Sirdal",6.8200115,58.8450415,152,6.32359827272727,58.7423489090909
"NO","city","Sokndal",6.308055,58.3628885,152,6.32359827272727,58.7423489090909
"NO","city","Strand",6.0002655,59.050895,152,6.32359827272727,58.7423489090909
"NO","city","Bodø",13.6945975,67.516345,153,13.7098238333333,67.1524376666667
"NO","city","Gildeskål",13.861199,67.006548,153,13.7098238333333,67.1524376666667
"NO","city","Meløy",13.573675,66.93442,153,13.7098238333333,67.1524376666667
"NO","city","Hå",5.7197825,58.5820595,154,5.6686701,58.7846665
"NO","city","Klepp",5.586884,58.7596455,154,5.6686701,58.7846665
"NO","city","Sola",5.5524105,58.9016615,154,5.6686701,58.7846665
"NO","city","Stavanger",5.717128,58.97265,154,5.6686701,58.7846665
"NO","city","Time",5.7671455,58.707316,154,5.6686701,58.7846665
"NO","city","Bykle",7.2248215,59.42745,155,7.31649,59.298271
"NO","city","Valle",7.4081585,59.169092,155,7.31649,59.298271
"NO","city","Dovre",9.469242,62.114122,156,9.70977875,62.39279575
"NO","city","Folldal",9.987532,62.1561845,156,9.70977875,62.39279575
"NO","city","Oppdal",9.508941,62.535684,156,9.70977875,62.39279575
"NO","city","Rennebu",9.8734,62.7651925,156,9.70977875,62.39279575
"NO","city","Selje",5.253423,62.086409,157,5.23589225,62.03245925
"NO","city","Vågsøy",5.2183615,61.9785095,157,5.23589225,62.03245925
"NO","city","Engerdal",11.9045595,61.974533,158,11.9045595,61.974533
"NO","city","Etne",6.139785,59.798371,159,6.01170314285714,60.2320157857143
"NO","city","Fusa",5.74032,60.1928305,159,6.01170314285714,60.2320157857143
"NO","city","Jondal",6.2667025,60.2837055,159,6.01170314285714,60.2320157857143
"NO","city","Kvam",6.1901245,60.3168405,159,6.01170314285714,60.2320157857143
"NO","city","Kvinnherad",6.014387,59.952179,159,6.01170314285714,60.2320157857143
"NO","city","Samnanger",5.780688,60.406364,159,6.01170314285714,60.2320157857143
"NO","city","Vaksdal",5.949915,60.67382,159,6.01170314285714,60.2320157857143
"NO","city","Flå",9.472262,60.43439,160,9.492466,60.2160869166667
"NO","city","Flesberg",9.449983,59.857456,160,9.492466,60.2160869166667
"NO","city","Krødsherad",9.670015,60.1922855,160,9.492466,60.2160869166667
"NO","city","Rollag",9.2189745,60.015052,160,9.492466,60.2160869166667
"NO","city","Sør-Aurdal",9.6468725,60.6667255,160,9.492466,60.2160869166667
"NO","city","Sigdal",9.496689,60.1306125,160,9.492466,60.2160869166667
"NO","city","Farsund",6.7305145,58.1213525,161,6.7305145,58.1213525
"NO","city","Fauske",15.6832135,67.2349505,162,15.6852078333333,67.2118155
"NO","city","Sørfold",15.735029,67.519265,162,15.6852078333333,67.2118155
"NO","city","Saltdal",15.637381,66.881231,162,15.6852078333333,67.2118155
"NO","city","Flakstad",13.2158795,68.0974905,163,12.9610503333333,67.8893833333333
"NO","city","Moskenes",12.9614475,67.90836,163,12.9610503333333,67.8893833333333
"NO","city","Værøy",12.705824,67.6622995,163,12.9610503333333,67.8893833333333
"NO","city","Fosnes",11.5751355,64.703634,164,11.3503723333333,64.5003548333333
"NO","city","Namdalseid",11.1414525,64.32414,164,11.3503723333333,64.5003548333333
"NO","city","Namsos",11.334529,64.4732905,164,11.3503723333333,64.5003548333333
"NO","city","Vikna",10.883126,64.864978,165,10.883126,64.864978
"NO","city","Hjartdal",8.6970195,59.692472,166,8.6837998,59.6684197
"NO","city","Kviteseid",8.511671,59.4086475,166,8.6837998,59.6684197
"NO","city","Notodden",9.1248125,59.6923455,166,8.6837998,59.6684197
"NO","city","Seljord",8.5624465,59.573261,166,8.6837998,59.6684197
"NO","city","Tinn",8.5230495,59.9753725,166,8.6837998,59.6684197
"NO","city","Leka",11.390126,65.153664,167,11.390126,65.153664
"NO","city","Frøya",8.8933055,63.9260945,168,8.8933055,63.9260945
"NO","city","Levanger",11.252727,63.696008,169,11.085525875,63.432017625
"NO","city","Malvik",10.772285,63.3928835,169,11.085525875,63.432017625
"NO","city","Selbu",11.12616,63.1759865,169,11.085525875,63.432017625
"NO","city","Stjørdal",11.1909315,63.4631925,169,11.085525875,63.432017625
"NO","city","Klæbu",10.5407705,63.250349,170,10.424807375,63.184291375
"NO","city","Melhus",10.298989,63.182634,170,10.424807375,63.184291375
"NO","city","Midtre Gauldal",10.4935075,62.8942185,170,10.424807375,63.184291375
"NO","city","Trondheim",10.3659625,63.409964,170,10.424807375,63.184291375
"NO","city","Fyresdal",8.0519685,59.1442625,171,8.17989383333333,59.2197721666667
"NO","city","Nissedal",8.5603545,59.0513845,171,8.17989383333333,59.2197721666667
"NO","city","Tokke",7.9273585,59.4636695,171,8.17989383333333,59.2197721666667
"NO","city","Gamvik",28.0535205,70.7719175,172,28.0535205,70.7719175
"NO","city","Gausdal",9.834209,61.2641535,173,9.632684375,61.5588875
"NO","city","Nord-Fron",9.4571585,61.603445,173,9.632684375,61.5588875
"NO","city","Sør-Fron",9.6756345,61.6090885,173,9.632684375,61.5588875
"NO","city","Sel",9.5637355,61.758863,173,9.632684375,61.5588875
"NO","city","Grane",13.419567,65.4423665,174,13.151603875,65.900091875
"NO","city","Leirfjord",13.046688,66.0949165,174,13.151603875,65.900091875
"NO","city","Nesna",12.971101,66.2413455,174,13.151603875,65.900091875
"NO","city","Vefsn",13.1690595,65.821739,174,13.151603875,65.900091875
"NO","city","Leikanger",6.762709,61.2359065,175,6.58664216666667,60.995027
"NO","city","Vik",6.5826825,61.0356875,175,6.58664216666667,60.995027
"NO","city","Voss",6.414535,60.713487,175,6.58664216666667,60.995027
"NO","city","Grong",12.581515,64.530266,176,12.5915505,64.362894
"NO","city","Snåsa",12.601586,64.195522,176,12.5915505,64.362894
"NO","city","Hamarøy",15.7944275,67.9007575,177,15.7944275,67.9007575
"NO","city","Hammerfest",23.4540525,70.71506,178,23.4540525,70.71506
"NO","city","Hasvik",22.2857285,70.5294695,179,21.9923026666667,70.2186406666667
"NO","city","Kvænangen",21.874372,69.859676,179,21.9923026666667,70.2186406666667
"NO","city","Loppa",21.8168075,70.2667765,179,21.9923026666667,70.2186406666667
"NO","city","Hattfjelldal",14.1255005,65.500016,180,14.04672075,65.7554465
"NO","city","Hemnes",13.967941,66.010877,180,14.04672075,65.7554465
"NO","city","Hemne",9.082692,63.301333,181,8.9704325,62.970402875
"NO","city","Rindal",9.271885,63.002979,181,8.9704325,62.970402875
"NO","city","Sunndal",8.725019,62.653122,181,8.9704325,62.970402875
"NO","city","Surnadal",8.802134,62.9241775,181,8.9704325,62.970402875
"NO","city","Holtålen",11.300698,62.8621105,182,11.50597225,62.704513875
"NO","city","Os",11.2874955,62.415371,182,11.50597225,62.704513875
"NO","city","Røros",11.6895505,62.5695105,182,11.50597225,62.704513875
"NO","city","Tydal",11.746145,62.9710635,182,11.50597225,62.704513875
"NO","city","Hornindal",6.597613,61.997398,183,6.716531,61.90948775
"NO","city","Stryn",6.835449,61.8215775,183,6.716531,61.90948775
"NO","city","Jevnaker",10.385779,60.2820345,184,10.269373,60.30478875
"NO","city","Ringerike",10.152967,60.327543,184,10.269373,60.30478875
"NO","city","Kåfjord",20.773747,69.496809,185,20.78313725,69.7619775
"NO","city","Skjervøy",20.7925275,70.027146,185,20.78313725,69.7619775
"NO","city","Karasjok",25.2245295,69.3919555,186,25.2245295,69.3919555
"NO","city","Karlsøy",19.4372165,70.0712295,187,19.4372165,70.0712295
"NO","city","Kautokeino",23.6932005,69.133799,188,23.6932005,69.133799
"NO","city","Nordreisa",21.4587395,69.5253265,189,21.4587395,69.5253265
"NO","city","Kvalsund",24.122824,70.4216605,190,24.122824,70.4216605
"NO","city","Lebesby",26.8279485,70.557405,191,26.8279485,70.557405
"NO","city","Sogndal",7.112826,61.254018,192,7.112826,61.254018
"NO","city","Lurøy",12.624656,66.4486285,193,12.8436005,66.5719405
"NO","city","Rødøy",13.062545,66.6952525,193,12.8436005,66.5719405
"NO","city","Lenvik",18.0076085,69.393078,194,18.091231,69.24669875
"NO","city","Sørreisa",18.1748535,69.1003195,194,18.091231,69.24669875
"NO","city","Lesja",8.651465,62.1895795,195,8.68496083333333,61.8689828333333
"NO","city","Lom",8.4442345,61.714344,195,8.68496083333333,61.8689828333333
"NO","city","Vågå",8.959183,61.703025,195,8.68496083333333,61.8689828333333
"NO","city","Lierne",13.6133735,64.415201,196,13.64794775,64.6183455
"NO","city","Røyrvik",13.682522,64.82149,196,13.64794775,64.6183455
"NO","city","Træna",12.165733,66.5034405,197,12.165733,66.5034405
"NO","city","Lyngen",20.1210105,69.72311,198,20.24822425,69.48675325
"NO","city","Storfjord",20.375438,69.2503965,198,20.24822425,69.48675325
"NO","city","Måsøy",24.5565965,70.8911325,199,24.5565965,70.8911325
"NO","city","Meråker",11.833685,63.40693,200,11.8680685,63.7620011666667
"NO","city","Steinkjer",11.772132,64.0954455,200,11.8680685,63.7620011666667
"NO","city","Verdal",11.9983885,63.783628,200,11.8680685,63.7620011666667
"NO","city","Modalen",5.930594,60.880009,201,5.930594,60.880009
"NO","city","Namsskogan",13.072472,64.8102355,202,13.072472,64.8102355
"NO","city","Narvik",17.6043605,68.2881045,203,17.6043605,68.2881045
"NO","city","Nesseby",28.8300235,70.1276895,204,28.8300235,70.1276895
"NO","city","Nesset",8.197465,62.5910665,205,7.9495575,62.51923925
"NO","city","Rauma",7.70165,62.447412,205,7.9495575,62.51923925
"NO","city","Norddal",7.424698,62.251269,206,7.424698,62.251269
"NO","city","Nordkapp",25.866121,70.9266075,207,25.866121,70.9266075
"NO","city","Odda",6.8543775,59.946238,208,6.61090283333333,59.7305848333333
"NO","city","Sauda",6.4381325,59.703533,208,6.61090283333333,59.7305848333333
"NO","city","Suldal",6.5401985,59.5419835,208,6.61090283333333,59.7305848333333
"NO","city","Overhalla",11.915479,64.4805795,209,11.915479,64.4805795
"NO","city","Porsanger",25.0311745,70.2429465,210,25.0311745,70.2429465
"NO","city","Røst",12.2054395,67.502487,211,12.2054395,67.502487
"NO","city","Rendalen",11.1459645,61.8064575,212,10.9298395,61.694063
"NO","city","Stor-Elvdal",10.7137145,61.5816685,212,10.9298395,61.694063
"NO","city","Sør-Varanger",29.727145,69.504585,213,29.727145,69.504585
"NO","city","Skjåk",7.966991,61.9342395,214,7.966991,61.9342395
"NO","city","Steigen",15.113155,67.8596805,215,15.113155,67.8596805
"NO","city","Tana",27.5006895,70.2834565,216,27.5006895,70.2834565
"NO","city","Torsken",16.949149,69.30834,217,16.949149,69.30834
"NO","city","Tromsø",18.9258115,69.7104015,218,18.9258115,69.7104015
"NO","city","Tromssa",18.9258115,69.7104015,218,18.9258115,69.7104015
"NO","city","Trysil",12.303966,61.3563735,219,12.303966,61.3563735
"NO","city","Tysfjord",16.5041435,67.9698075,220,16.5041435,67.9698075
"NO","city","Vang",8.447449,61.1926085,221,8.447449,61.1926085
"NO","city","Vardø",30.6460575,70.326849,222,30.6460575,70.326849
"NO","city","Vega",11.732621,65.743596,223,11.732621,65.743596
"NO","city","Vestvågøy",13.756594,68.198278,224,13.756594,68.198278
"NO","city","Vinje",7.7103635,59.807207,225,7.7103635,59.807207
"FI","city","Äänekoski",25.8538725,62.7007955,226,25.679592,62.3986639444444
"FI","city","Jyväskylä",25.6557855,62.134411,226,25.679592,62.3986639444444
"FI","city","Kannonkoski",25.3753545,62.961187,226,25.679592,62.3986639444444
"FI","city","Laukaa",25.95508,62.382476,226,25.679592,62.3986639444444
"FI","city","Laukas",25.95508,62.382476,226,25.679592,62.3986639444444
"FI","city","Muurame",25.6329765,62.1531845,226,25.679592,62.3986639444444
"FI","city","Petäjävesi",25.22877,62.289589,226,25.679592,62.3986639444444
"FI","city","Toivakka",26.0494045,62.1162965,226,25.679592,62.3986639444444
"FI","city","Uurainen",25.4100045,62.46756,226,25.679592,62.3986639444444
"FI","city","Ähtäri",24.2094725,62.5628495,227,23.90383,62.7103398636364
"FI","city","Alajärvi",23.907557,62.944623,227,23.90383,62.7103398636364
"FI","city","Alavus",23.580283,62.5653875,227,23.90383,62.7103398636364
"FI","city","Etseri",24.2094725,62.5628495,227,23.90383,62.7103398636364
"FI","city","Kuortane",23.5582885,62.783974,227,23.90383,62.7103398636364
"FI","city","Soini",24.255748,62.8443825,227,23.90383,62.7103398636364
"FI","city","Töysä",23.8492605,62.6282705,227,23.90383,62.7103398636364
"FI","city","Vimpeli",23.9652475,63.1766585,227,23.90383,62.7103398636364
"FI","city","Vindala",23.9652475,63.1766585,227,23.90383,62.7103398636364
"FI","city","Virdois",23.7207765,62.2840425,227,23.90383,62.7103398636364
"FI","city","Virrat",23.7207765,62.2840425,227,23.90383,62.7103398636364
"FI","city","Åbo",22.262076,60.535505,228,22.4821787931034,60.7195604655172
"FI","city","Aura",22.551184,60.6517535,228,22.4821787931034,60.7195604655172
"FI","city","Huittinen",22.7430905,61.1425355,228,22.4821787931034,60.7195604655172
"FI","city","Köyliö",22.3698095,61.1336045,228,22.4821787931034,60.7195604655172
"FI","city","Kaarina",22.4422515,60.4204075,228,22.4821787931034,60.7195604655172
"FI","city","Kjulo",22.3698095,61.1336045,228,22.4821787931034,60.7195604655172
"FI","city","Kokemäki",22.362267,61.3298725,228,22.4821787931034,60.7195604655172
"FI","city","Kumo",22.362267,61.3298725,228,22.4821787931034,60.7195604655172
"FI","city","Lieto",22.528134,60.5439925,228,22.4821787931034,60.7195604655172
"FI","city","Loimaa",22.911718,60.9000875,228,22.4821787931034,60.7195604655172
"FI","city","Lundo",22.528134,60.5439925,228,22.4821787931034,60.7195604655172
"FI","city","Marttila",22.949787,60.6133785,228,22.4821787931034,60.7195604655172
"FI","city","Mynämäki",22.092733,60.7310885,228,22.4821787931034,60.7195604655172
"FI","city","Nousiainen",22.1788585,60.655944,228,22.4821787931034,60.7195604655172
"FI","city","Oripää",22.6847635,60.875894,228,22.4821787931034,60.7195604655172
"FI","city","Pöytyä",22.559946,60.788919,228,22.4821787931034,60.7195604655172
"FI","city","Paimio",22.7238335,60.456166,228,22.4821787931034,60.7195604655172
"FI","city","Pemar",22.7238335,60.456166,228,22.4821787931034,60.7195604655172
"FI","city","Raisio",22.158818,60.48925,228,22.4821787931034,60.7195604655172
"FI","city","Reso",22.158818,60.48925,228,22.4821787931034,60.7195604655172
"FI","city","Rusko",22.2793835,60.6205505,228,22.4821787931034,60.7195604655172
"FI","city","S:t Karins",22.4422515,60.4204075,228,22.4821787931034,60.7195604655172
"FI","city","Säkylä",22.4553645,61.0125435,228,22.4821787931034,60.7195604655172
"FI","city","Sagu",22.6597005,60.301555,228,22.4821787931034,60.7195604655172
"FI","city","Sauvo",22.6597005,60.301555,228,22.4821787931034,60.7195604655172
"FI","city","Tarvasjoki",22.726753,60.580229,228,22.4821787931034,60.7195604655172
"FI","city","Turku",22.262076,60.535505,228,22.4821787931034,60.7195604655172
"FI","city","Virmo",22.092733,60.7310885,228,22.4821787931034,60.7195604655172
"FI","city","Vittis",22.7430905,61.1425355,228,22.4821787931034,60.7195604655172
"FI","city","Akaa",23.7257055,61.1583075,229,23.5749726176471,61.1107322647059
"FI","city","Birkala",23.608826,61.422101,229,23.5749726176471,61.1107322647059
"FI","city","Forssa",23.6461355,60.8941365,229,23.5749726176471,61.1107322647059
"FI","city","Humppila",23.349273,60.9455575,229,23.5749726176471,61.1107322647059
"FI","city","Jokioinen",23.420425,60.843689,229,23.5749726176471,61.1107322647059
"FI","city","Kylmäkoski",23.70897,61.1315415,229,23.5749726176471,61.1107322647059
"FI","city","Lembois",23.756465,61.331613,229,23.5749726176471,61.1107322647059
"FI","city","Lempäälä",23.756465,61.331613,229,23.5749726176471,61.1107322647059
"FI","city","Nokia",23.37427,61.4499805,229,23.5749726176471,61.1107322647059
"FI","city","Pirkkala",23.608826,61.422101,229,23.5749726176471,61.1107322647059
"FI","city","Punkalaidun",23.149322,61.112647,229,23.5749726176471,61.1107322647059
"FI","city","Somero",23.5375425,60.6207145,229,23.5749726176471,61.1107322647059
"FI","city","Tammela",23.781277,60.805886,229,23.5749726176471,61.1107322647059
"FI","city","Urjala",23.5528535,61.08987,229,23.5749726176471,61.1107322647059
"FI","city","Valkeakoski",24.0475115,61.2227875,229,23.5749726176471,61.1107322647059
"FI","city","Vesilahti",23.4784385,61.2981135,229,23.5749726176471,61.1107322647059
"FI","city","Ypäjä",23.2722285,60.8017895,229,23.5749726176471,61.1107322647059
"FI","city","Alavieska",24.362893,64.170896,230,23.92609375,63.760357125
"FI","city","Halsua",24.294358,63.4493065,230,23.92609375,63.760357125
"FI","city","Himanka",23.705174,64.092137,230,23.92609375,63.760357125
"FI","city","Kalajoki",23.8731525,64.1860705,230,23.92609375,63.760357125
"FI","city","Kannus",23.9517405,63.935815,230,23.92609375,63.760357125
"FI","city","Karleby",23.6234845,63.8079315,230,23.92609375,63.760357125
"FI","city","Kaustby",23.7749525,63.5793225,230,23.92609375,63.760357125
"FI","city","Kaustinen",23.7749525,63.5793225,230,23.92609375,63.760357125
"FI","city","Kokkola",23.6234845,63.8079315,230,23.92609375,63.760357125
"FI","city","Toholampi",24.273766,63.7261395,230,23.92609375,63.760357125
"FI","city","Veteli",23.9275835,63.3947065,230,23.92609375,63.760357125
"FI","city","Vetil",23.9275835,63.3947065,230,23.92609375,63.760357125
"FI","city","Artjärvi",26.0691205,60.759524,231,25.3952402962963,60.5963623333333
"FI","city","Askola",25.6183925,60.5423105,231,25.3952402962963,60.5963623333333
"FI","city","Borgå",25.7593155,60.295803,231,25.3952402962963,60.5963623333333
"FI","city","Borgnäs",25.3570275,60.477491,231,25.3952402962963,60.5963623333333
"FI","city","Hämeenkoski",25.154975,60.9910935,231,25.3952402962963,60.5963623333333
"FI","city","Hausjärvi",24.952143,60.7936245,231,25.3952402962963,60.5963623333333
"FI","city","Hollola",25.5123855,61.002429,231,25.3952402962963,60.5963623333333
"FI","city","Järvenpää",25.103917,60.4797305,231,25.3952402962963,60.5963623333333
"FI","city","Kärkölä",25.263548,60.867099,231,25.3952402962963,60.5963623333333
"FI","city","Kerava",25.1178205,60.4013685,231,25.3952402962963,60.5963623333333
"FI","city","Kervo",25.1178205,60.4013685,231,25.3952402962963,60.5963623333333
"FI","city","Lahti",25.689018,60.9715665,231,25.3952402962963,60.5963623333333
"FI","city","Lahtis",25.689018,60.9715665,231,25.3952402962963,60.5963623333333
"FI","city","Mäntsälä",25.285308,60.67121,231,25.3952402962963,60.5963623333333
"FI","city","Myrskylä",25.837176,60.6423175,231,25.3952402962963,60.5963623333333
"FI","city","Nastola",25.9420955,60.9948355,231,25.3952402962963,60.5963623333333
"FI","city","Orimattila",25.809079,60.80311,231,25.3952402962963,60.5963623333333
"FI","city","Pornainen",25.3570275,60.477491,231,25.3952402962963,60.5963623333333
"FI","city","Porvoo",25.7593155,60.295803,231,25.3952402962963,60.5963623333333
"FI","city","Pukkila",25.586018,60.6493115,231,25.3952402962963,60.5963623333333
"FI","city","Sibbo",25.3140945,60.2907275,231,25.3952402962963,60.5963623333333
"FI","city","Sipoo",25.3140945,60.2907275,231,25.3952402962963,60.5963623333333
"FI","city","Träskända",25.103917,60.4797305,231,25.3952402962963,60.5963623333333
"FI","city","Tusby",25.009806,60.4566105,231,25.3952402962963,60.5963623333333
"FI","city","Tuusula",25.009806,60.4566105,231,25.3952402962963,60.5963623333333
"FI","city","Vanda",24.9696245,60.3191615,231,25.3952402962963,60.5963623333333
"FI","city","Vantaa",24.9696245,60.3191615,231,25.3952402962963,60.5963623333333
"FI","city","Asikkala",25.5637865,61.2303535,232,25.74995525,61.4562518333333
"FI","city","Hartola",26.0593565,61.597833,232,25.74995525,61.4562518333333
"FI","city","Heinola",26.1562585,61.248575,232,25.74995525,61.4562518333333
"FI","city","Luhanka",25.7104955,61.78293,232,25.74995525,61.4562518333333
"FI","city","Padasjoki",25.197829,61.3632635,232,25.74995525,61.4562518333333
"FI","city","Sysmä",25.8120055,61.514556,232,25.74995525,61.4562518333333
"FI","city","Esbo",24.675135,60.183343,233,24.6176643333333,60.3876739761905
"FI","city","Espoo",24.675135,60.183343,233,24.6176643333333,60.3876739761905
"FI","city","Grankulla",24.7141475,60.2141035,233,24.6176643333333,60.3876739761905
"FI","city","Helsínquia",25.018623,60.159471,233,24.6176643333333,60.3876739761905
"FI","city","Helsingfors",25.018623,60.159471,233,24.6176643333333,60.3876739761905
"FI","city","Helsinki",25.018623,60.159471,233,24.6176643333333,60.3876739761905
"FI","city","Hyvinge",24.8373515,60.596605,233,24.6176643333333,60.3876739761905
"FI","city","Hyvinkää",24.8373515,60.596605,233,24.6176643333333,60.3876739761905
"FI","city","Janakkala",24.696149,60.888462,233,24.6176643333333,60.3876739761905
"FI","city","Karkkila",24.2179445,60.55766,233,24.6176643333333,60.3876739761905
"FI","city","Kauniainen",24.7141475,60.2141035,233,24.6176643333333,60.3876739761905
"FI","city","Kirkkonummi",24.52255,60.0816125,233,24.6176643333333,60.3876739761905
"FI","city","Kyrkslätt",24.52255,60.0816125,233,24.6176643333333,60.3876739761905
"FI","city","Loppi",24.369028,60.686513,233,24.6176643333333,60.3876739761905
"FI","city","Nurmijärvi",24.7496065,60.4654295,233,24.6176643333333,60.3876739761905
"FI","city","Riihimäki",24.7250965,60.723934,233,24.6176643333333,60.3876739761905
"FI","city","Siuntio",24.185232,60.1588475,233,24.6176643333333,60.3876739761905
"FI","city","Sjundeå",24.185232,60.1588475,233,24.6176643333333,60.3876739761905
"FI","city","Tavastehus",24.5126195,61.039499,233,24.6176643333333,60.3876739761905
"FI","city","Vichtis",24.387903,60.41611,233,24.6176643333333,60.3876739761905
"FI","city","Vihti",24.387903,60.41611,233,24.6176643333333,60.3876739761905
"FI","city","Östermark",21.8115305,62.502608,234,21.7576638333333,62.2407312
"FI","city","Honkajoki",22.2118665,62.0191965,234,21.7576638333333,62.2407312
"FI","city","Isojoki",21.9124535,62.1387155,234,21.7576638333333,62.2407312
"FI","city","Karijoki",21.731552,62.320893,234,21.7576638333333,62.2407312
"FI","city","Kauhajoki",22.2659075,62.326233,234,21.7576638333333,62.2407312
"FI","city","Kristiinankaupunki",21.459708,62.1810445,234,21.7576638333333,62.2407312
"FI","city","Kristinestad",21.459708,62.1810445,234,21.7576638333333,62.2407312
"FI","city","Kurikka",22.161321,62.664815,234,21.7576638333333,62.2407312
"FI","city","Merikarvia",21.501654,61.8735615,234,21.7576638333333,62.2407312
"FI","city","Närpes",21.3481345,62.5033015,234,21.7576638333333,62.2407312
"FI","city","Närpiö",21.3481345,62.5033015,234,21.7576638333333,62.2407312
"FI","city","Sastmola",21.501654,61.8735615,234,21.7576638333333,62.2407312
"FI","city","Siikainen",21.9273495,61.8813685,234,21.7576638333333,62.2407312
"FI","city","Storå",21.9124535,62.1387155,234,21.7576638333333,62.2407312
"FI","city","Teuva",21.8115305,62.502608,234,21.7576638333333,62.2407312
"FI","city","Övertorneå",24.345907,66.4656045,235,24.3487041,66.3236306
"FI","city","Pello",24.3765055,66.740261,235,24.3487041,66.3236306
"FI","city","Torneå",24.3376005,65.9733415,235,24.3487041,66.3236306
"FI","city","Tornio",24.3376005,65.9733415,235,24.3487041,66.3236306
"FI","city","Ylitornio",24.345907,66.4656045,235,24.3487041,66.3236306
"FI","city","Björneborg",21.847955,61.566944,236,21.8581064333333,61.3607477666667
"FI","city","Eura",22.053584,61.090394,236,21.8581064333333,61.3607477666667
"FI","city","Euraåminne",21.590306,61.2380415,236,21.8581064333333,61.3607477666667
"FI","city","Eurajoki",21.590306,61.2380415,236,21.8581064333333,61.3607477666667
"FI","city","Harjavalta",22.1386505,61.348594,236,21.8581064333333,61.3607477666667
"FI","city","Laitila",21.805062,60.8862365,236,21.8581064333333,61.3607477666667
"FI","city","Luvia",21.5234805,61.400828,236,21.8581064333333,61.3607477666667
"FI","city","Nakkila",21.9401575,61.3565335,236,21.8581064333333,61.3607477666667
"FI","city","Noormarkku",22.0533255,61.6215105,236,21.8581064333333,61.3607477666667
"FI","city","Norrmark",22.0533255,61.6215105,236,21.8581064333333,61.3607477666667
"FI","city","Pomarkku",22.0553075,61.698684,236,21.8581064333333,61.3607477666667
"FI","city","Pori",21.847955,61.566944,236,21.8581064333333,61.3607477666667
"FI","city","Rauma",21.6267365,61.1491645,236,21.8581064333333,61.3607477666667
"FI","city","Raumo",21.6267365,61.1491645,236,21.8581064333333,61.3607477666667
"FI","city","Ulvila",22.1187085,61.4786255,236,21.8581064333333,61.3607477666667
"FI","city","Brändö",20.8089495,60.4470675,237,21.0149065,60.5448659285714
"FI","city","Gustavs",21.1455285,60.6198525,237,21.0149065,60.5448659285714
"FI","city","Kumlinge",20.679153,60.3796055,237,21.0149065,60.5448659285714
"FI","city","Kustavi",21.1455285,60.6198525,237,21.0149065,60.5448659285714
"FI","city","Nystad",21.276497,60.8398185,237,21.0149065,60.5448659285714
"FI","city","Sottunga",20.772192,60.0680465,237,21.0149065,60.5448659285714
"FI","city","Uusikaupunki",21.276497,60.8398185,237,21.0149065,60.5448659285714
"FI","city","Brahestad",24.8522155,64.5739325,238,24.985508125,64.674876375
"FI","city","Hailuoto",24.8074695,65.039746,238,24.985508125,64.674876375
"FI","city","Lumijoki",25.141842,64.8580605,238,24.985508125,64.674876375
"FI","city","Oulainen",24.8952765,64.2511005,238,24.985508125,64.674876375
"FI","city","Oulunsalo",25.2470685,64.973307,238,24.985508125,64.674876375
"FI","city","Raahe",24.8522155,64.5739325,238,24.985508125,64.674876375
"FI","city","Siikajoki",24.972391,64.689082,238,24.985508125,64.674876375
"FI","city","Vihanti",25.1155865,64.43985,238,24.985508125,64.674876375
"FI","city","Eckerö",19.425778,60.246972,239,19.9940188636364,60.1989781818182
"FI","city","Föglö",20.4201395,59.949086,239,19.9940188636364,60.1989781818182
"FI","city","Finström",19.90598,60.278196,239,19.9940188636364,60.1989781818182
"FI","city","Geta",19.8144645,60.4153495,239,19.9940188636364,60.1989781818182
"FI","city","Hammarland",19.621853,60.248045,239,19.9940188636364,60.1989781818182
"FI","city","Jomala",19.816505,60.031965,239,19.9940188636364,60.1989781818182
"FI","city","Lemland",19.9891535,59.963719,239,19.9940188636364,60.1989781818182
"FI","city","Lumparland",20.236298,60.109089,239,19.9940188636364,60.1989781818182
"FI","city","Saltvik",20.1233215,60.420907,239,19.9940188636364,60.1989781818182
"FI","city","Sund",20.1532305,60.2418335,239,19.9940188636364,60.1989781818182
"FI","city","Vårdö",20.427484,60.283598,239,19.9940188636364,60.1989781818182
"FI","city","Enare",27.122566,69.0632275,240,27.0890691666667,69.2489131666667
"FI","city","Inari",27.122566,69.0632275,240,27.0890691666667,69.2489131666667
"FI","city","Utsjoki",27.0220755,69.6202845,240,27.0890691666667,69.2489131666667
"FI","city","Enonkoski",28.8845765,62.135251,241,29.0975801111111,62.2210886111111
"FI","city","Heinävesi",28.7143635,62.402302,241,29.0975801111111,62.2210886111111
"FI","city","Kerimäki",29.274195,61.981067,241,29.0975801111111,62.2210886111111
"FI","city","Libelits",29.3516505,62.541021,241,29.0975801111111,62.2210886111111
"FI","city","Liperi",29.3516505,62.541021,241,29.0975801111111,62.2210886111111
"FI","city","Nyslott",29.0345175,61.9750525,241,29.0975801111111,62.2210886111111
"FI","city","Outokumpu",28.9679195,62.7094085,241,29.0975801111111,62.2210886111111
"FI","city","Punkaharju",29.2648305,61.729622,241,29.0975801111111,62.2210886111111
"FI","city","Savonlinna",29.0345175,61.9750525,241,29.0975801111111,62.2210886111111
"FI","city","Enontekiö",22.7871955,68.7140905,242,22.7871955,68.7140905
"FI","city","Enontekis",22.7871955,68.7140905,242,22.7871955,68.7140905
"FI","city","Evijärvi",23.462161,63.381184,243,23.2075131666667,63.3198613888889
"FI","city","Kauhava",23.0119945,63.210507,243,23.2075131666667,63.3198613888889
"FI","city","Kronoby",23.287074,63.5858665,243,23.2075131666667,63.3198613888889
"FI","city","Kruunupyy",23.287074,63.5858665,243,23.2075131666667,63.3198613888889
"FI","city","Lappajärvi",23.571382,63.1790555,243,23.2075131666667,63.3198613888889
"FI","city","Lappo",23.1517065,62.926382,243,23.2075131666667,63.3198613888889
"FI","city","Lapua",23.1517065,62.926382,243,23.2075131666667,63.3198613888889
"FI","city","Pedersöre",22.97226,63.5417545,243,23.2075131666667,63.3198613888889
"FI","city","Pedersören kunta",22.97226,63.5417545,243,23.2075131666667,63.3198613888889
"FI","city","Fredrikshamn",27.287534,60.562248,244,27.40350905,60.8262503
"FI","city","Hamina",27.287534,60.562248,244,27.40350905,60.8262503
"FI","city","Kotka",27.0604485,60.4490005,244,27.40350905,60.8262503
"FI","city","Kouvola",26.8318365,60.9342345,244,27.40350905,60.8262503
"FI","city","Lemi",27.7822455,61.0819585,244,27.40350905,60.8262503
"FI","city","Luumäki",27.5271805,60.951001,244,27.40350905,60.8262503
"FI","city","Miehikkälä",27.706806,60.7222295,244,27.40350905,60.8262503
"FI","city","Savitaipale",27.555331,61.1901685,244,27.40350905,60.8262503
"FI","city","Suomenniemi",27.3734905,61.306756,244,27.40350905,60.8262503
"FI","city","Virolahti",27.622684,60.5026585,244,27.40350905,60.8262503
"FI","city","Hämeenkyrö",23.1617685,61.627349,245,22.906551,61.7930490454545
"FI","city","Ikaalinen",23.1372395,61.8234275,245,22.906551,61.7930490454545
"FI","city","Ikalis",23.1372395,61.8234275,245,22.906551,61.7930490454545
"FI","city","Jämijärvi",22.6700485,61.844304,245,22.906551,61.7930490454545
"FI","city","Karvia",22.617035,62.153633,245,22.906551,61.7930490454545
"FI","city","Kihniö",23.209461,62.2084425,245,22.906551,61.7930490454545
"FI","city","Kiikoinen",22.5832185,61.4664905,245,22.906551,61.7930490454545
"FI","city","Lavia",22.48379,61.6033165,245,22.906551,61.7930490454545
"FI","city","Parkano",22.949696,62.09236,245,22.906551,61.7930490454545
"FI","city","Sastamala",22.860796,61.45344,245,22.906551,61.7930490454545
"FI","city","Tavastkyro",23.1617685,61.627349,245,22.906551,61.7930490454545
"FI","city","Hämeenlinna",24.5126195,61.039499,246,24.4838155714286,61.4183455
"FI","city","Hattula",24.3163145,61.048413,246,24.4838155714286,61.4183455
"FI","city","Juupajoki",24.446656,61.821973,246,24.4838155714286,61.4183455
"FI","city","Kangasala",24.429752,61.4712615,246,24.4838155714286,61.4183455
"FI","city","Kuhmalahti",24.6869165,61.497488,246,24.4838155714286,61.4183455
"FI","city","Orivesi",24.497738,61.687746,246,24.4838155714286,61.4183455
"FI","city","Pälkäne",24.4967125,61.362038,246,24.4838155714286,61.4183455
"FI","city","Haapajärvi",25.31147,63.7591595,247,24.9450123125,63.77387375
"FI","city","Haapavesi",25.3211655,64.1474925,247,24.9450123125,63.77387375
"FI","city","Kinnula",25.0528945,63.3494045,247,24.9450123125,63.77387375
"FI","city","Lestijärvi",24.7225345,63.506659,247,24.9450123125,63.77387375
"FI","city","Nivala",25.002881,63.9155065,247,24.9450123125,63.77387375
"FI","city","Reisjärvi",24.9385485,63.609505,247,24.9450123125,63.77387375
"FI","city","Sievi",24.548084,63.8394925,247,24.9450123125,63.77387375
"FI","city","Ylivieska",24.6625205,64.0637705,247,24.9450123125,63.77387375
"FI","city","Karstula",24.8211265,62.8783585,248,24.80498,62.9210649166667
"FI","city","Kivijärvi",25.0537045,63.1433355,248,24.80498,62.9210649166667
"FI","city","Kyyjärvi",24.548515,63.0443295,248,24.80498,62.9210649166667
"FI","city","Multia",24.8780145,62.4907655,248,24.80498,62.9210649166667
"FI","city","Perho",24.4280715,63.254474,248,24.80498,62.9210649166667
"FI","city","Saarijärvi",25.100448,62.7151265,248,24.80498,62.9210649166667
"FI","city","Hangö",23.015581,59.8359695,249,23.2110149,59.9841673
"FI","city","Hanko",23.015581,59.8359695,249,23.2110149,59.9841673
"FI","city","Raasepori",23.3659285,59.9767,249,23.2110149,59.9841673
"FI","city","Raseborg",23.3659285,59.9767,249,23.2110149,59.9841673
"FI","city","Salo",23.2920555,60.2954975,249,23.2110149,59.9841673
"FI","city","Hankasalmi",26.4857725,62.3871625,250,26.5639444166667,62.5992523333333
"FI","city","Kangasniemi",26.6718105,62.048242,250,26.5639444166667,62.5992523333333
"FI","city","Konnevesi",26.3126515,62.6633425,250,26.5639444166667,62.5992523333333
"FI","city","Rautalampi",26.717353,62.637368,250,26.5639444166667,62.5992523333333
"FI","city","Tervo",26.8357455,62.9638625,250,26.5639444166667,62.5992523333333
"FI","city","Vesanto",26.3603335,62.8955365,250,26.5639444166667,62.5992523333333
"FI","city","Hirvensalmi",26.6975305,61.684707,251,26.57292675,61.378088375
"FI","city","Iitti",26.292171,60.951587,251,26.57292675,61.378088375
"FI","city","Mäntyharju",26.851851,61.3778265,251,26.57292675,61.378088375
"FI","city","Pertunmaa",26.4501545,61.498233,251,26.57292675,61.378088375
"FI","city","Joutsa",26.1908735,61.825537,252,26.1908735,61.825537
"FI","city","Haukipudas",25.3252845,65.181735,253,25.6698568,65.0615571
"FI","city","Ii",25.37824,65.5173325,253,25.6698568,65.0615571
"FI","city","Kempele",25.5279375,64.8952335,253,25.6698568,65.0615571
"FI","city","Kiiminki",25.8193025,65.12315,253,25.6698568,65.0615571
"FI","city","Limingo",25.7295145,64.677477,253,25.6698568,65.0615571
"FI","city","Liminka",25.7295145,64.677477,253,25.6698568,65.0615571
"FI","city","Oulu",25.6835165,65.2043265,253,25.6698568,65.0615571
"FI","city","Tyrnävä",25.83457,64.733524,253,25.6698568,65.0615571
"FI","city","Uleåborg",25.6835165,65.2043265,253,25.6698568,65.0615571
"FI","city","Yli-Ii",25.9871715,65.400989,253,25.6698568,65.0615571
"FI","city","Juva",27.799428,61.805254,254,27.47228725,61.67380625
"FI","city","Mikkeli",27.364075,61.7043445,254,27.47228725,61.67380625
"FI","city","Ristiina",27.361571,61.481282,254,27.47228725,61.67380625
"FI","city","S:t Michel",27.364075,61.7043445,254,27.47228725,61.67380625
"FI","city","Kankaanpää",22.3652365,61.8488805,255,22.3652365,61.8488805
"FI","city","Hyrynsalmi",28.7532245,64.6739175,256,28.540826,64.3925386666667
"FI","city","Ristijärvi",28.36554,64.4816835,256,28.540826,64.3925386666667
"FI","city","Sotkamo",28.5037135,64.022015,256,28.540826,64.3925386666667
"FI","city","Iisalmi",27.2306175,63.4942365,257,27.6247205625,63.3066689375
"FI","city","Kuopio",27.673748,62.997833,257,27.6247205625,63.3066689375
"FI","city","Lapinlahti",27.6245615,63.3517615,257,27.6247205625,63.3066689375
"FI","city","Maaninka",27.237352,63.164273,257,27.6247205625,63.3066689375
"FI","city","Nilsiä",28.0779535,63.204925,257,27.6247205625,63.3066689375
"FI","city","Siilinjärvi",27.643384,63.1009315,257,27.6247205625,63.3066689375
"FI","city","Sonkajärvi",27.6440115,63.750017,257,27.6247205625,63.3066689375
"FI","city","Varpaisjärvi",27.8661365,63.389374,257,27.6247205625,63.3066689375
"FI","city","Ilmajoki",22.5162545,62.7364335,258,22.3736962333333,63.0274878
"FI","city","Ilmola",22.5162545,62.7364335,258,22.3736962333333,63.0274878
"FI","city","Isokyrö",22.4160025,62.9467665,258,22.3736962333333,63.0274878
"FI","city","Jalasjärvi",22.8338365,62.4515555,258,22.3736962333333,63.0274878
"FI","city","Laihela",22.03158,62.9002585,258,22.3736962333333,63.0274878
"FI","city","Laihia",22.03158,62.9002585,258,22.3736962333333,63.0274878
"FI","city","Nykarleby",22.4509915,63.473917,258,22.3736962333333,63.0274878
"FI","city","Oravainen",22.3712325,63.2703755,258,22.3736962333333,63.0274878
"FI","city","Oravais",22.3712325,63.2703755,258,22.3736962333333,63.0274878
"FI","city","Seinäjoki",22.8352395,62.7017035,258,22.3736962333333,63.0274878
"FI","city","Storkyro",22.4160025,62.9467665,258,22.3736962333333,63.0274878
"FI","city","Uusikaarlepyy",22.4509915,63.473917,258,22.3736962333333,63.0274878
"FI","city","Vähäkyrö",22.0735825,63.048654,258,22.3736962333333,63.0274878
"FI","city","Vörå-Maxmo",22.1453315,63.277451,258,22.3736962333333,63.0274878
"FI","city","Vöyri-Maksamaa",22.1453315,63.277451,258,22.3736962333333,63.0274878
"FI","city","Ilomants",30.973905,62.7902115,259,30.973905,62.7902115
"FI","city","Ilomantsi",30.973905,62.7902115,259,30.973905,62.7902115
"FI","city","Imatra",28.8455465,61.181914,260,28.9445663333333,61.30714
"FI","city","Rautjärvi",29.233599,61.36522,260,28.9445663333333,61.30714
"FI","city","Ruokolahti",28.7545535,61.374286,260,28.9445663333333,61.30714
"FI","city","Ingå",24.0341855,59.987651,261,23.9365490833333,60.2478908333333
"FI","city","Inkoo",24.0341855,59.987651,261,23.9365490833333,60.2478908333333
"FI","city","Karjalohja",23.7272675,60.247742,261,23.9365490833333,60.2478908333333
"FI","city","Lohja",23.9460975,60.3916885,261,23.9365490833333,60.2478908333333
"FI","city","Lojo",23.9460975,60.3916885,261,23.9365490833333,60.2478908333333
"FI","city","Nummi-Pusula",23.931461,60.480924,261,23.9365490833333,60.2478908333333
"FI","city","Jämsä",25.0607915,61.9207765,262,25.110007,61.7697805
"FI","city","Kuhmoinen",25.1592225,61.6187845,262,25.110007,61.7697805
"FI","city","Jakobstad",22.601681,63.6742575,263,22.6568345,63.74610725
"FI","city","Larsmo",22.711988,63.817957,263,22.6568345,63.74610725
"FI","city","Luoto",22.711988,63.817957,263,22.6568345,63.74610725
"FI","city","Pietarsaari",22.601681,63.6742575,263,22.6568345,63.74610725
"FI","city","Joensuu",30.344928,62.6490045,264,30.0640803333333,62.7601628333333
"FI","city","Kontiolahti",29.9236565,62.815742,264,30.0640803333333,62.7601628333333
"FI","city","Kontiolax",29.9236565,62.815742,264,30.0640803333333,62.7601628333333
"FI","city","Joroinen",27.792643,62.180815,265,28.066699875,62.253877875
"FI","city","Leppävirta",27.9768955,62.4953965,265,28.066699875,62.253877875
"FI","city","Rantasalmi",28.2997305,62.078517,265,28.066699875,62.253877875
"FI","city","Varkaus",28.1975305,62.260783,265,28.066699875,62.253877875
"FI","city","Juankoski",28.3664335,63.109826,266,28.4906765,63.0792555
"FI","city","Kaavi",28.742256,62.9548745,266,28.4906765,63.0792555
"FI","city","Rautavaara",28.3986605,63.479417,266,28.4906765,63.0792555
"FI","city","Tuusniemi",28.455356,62.7729045,266,28.4906765,63.0792555
"FI","city","Juuka",29.2025275,63.2088405,267,29.239657,63.2391993333333
"FI","city","Nurmes",29.1892865,63.613473,267,29.239657,63.2391993333333
"FI","city","Polvijärvi",29.327157,62.8952845,267,29.239657,63.2391993333333
"FI","city","Keuru",24.5405935,62.276438,268,24.3827615,62.155138125
"FI","city","Keuruu",24.5405935,62.276438,268,24.3827615,62.155138125
"FI","city","Mänttä-Vilppula",24.3828735,62.083185,268,24.3827615,62.155138125
"FI","city","Ruovesi",24.0669855,61.9844915,268,24.3827615,62.155138125
"FI","city","Tammerfors",23.8303145,61.631931,269,23.7356986666667,61.7015198333333
"FI","city","Tampere",23.8303145,61.631931,269,23.7356986666667,61.7015198333333
"FI","city","Ylöjärvi",23.546467,61.8406975,269,23.7356986666667,61.7015198333333
"FI","city","Kärsämäki",25.8885905,63.9487565,270,25.7792861666667,63.685207
"FI","city","Pihtipudas",25.6293455,63.429139,270,25.7792861666667,63.685207
"FI","city","Pyhäjärvi",25.8199225,63.6777255,270,25.7792861666667,63.685207
"FI","city","Kökar",20.974279,59.8999925,271,20.974279,59.8999925
"FI","city","Kajaani",27.4529185,64.1047165,272,27.650863,64.3893035
"FI","city","Kajana",27.4529185,64.1047165,272,27.650863,64.3893035
"FI","city","Paldamo",27.8209895,64.4372135,272,27.650863,64.3893035
"FI","city","Paltamo",27.8209895,64.4372135,272,27.650863,64.3893035
"FI","city","Puolanka",27.706499,64.8626575,272,27.650863,64.3893035
"FI","city","Karttula",27.1737115,62.856673,273,27.1779376666667,62.5906931666667
"FI","city","Pieksämäki",27.1767285,62.269177,273,27.1779376666667,62.5906931666667
"FI","city","Suonenjoki",27.183373,62.6462295,273,27.1779376666667,62.5906931666667
"FI","city","Kaskinen",21.1936055,62.3397585,274,21.31798925,62.9482220625
"FI","city","Korsholm",21.3182445,63.1831575,274,21.31798925,62.9482220625
"FI","city","Korsnäs",21.0637045,62.804002,274,21.31798925,62.9482220625
"FI","city","Maalahti",21.189714,62.9686705,274,21.31798925,62.9482220625
"FI","city","Malax",21.189714,62.9686705,274,21.31798925,62.9482220625
"FI","city","Mustasaari",21.3182445,63.1831575,274,21.31798925,62.9482220625
"FI","city","Vaasa",21.6353435,63.06918,274,21.31798925,62.9482220625
"FI","city","Vasa",21.6353435,63.06918,274,21.31798925,62.9482220625
"FI","city","Keitele",26.3464905,63.2176925,275,26.5115505,63.3984755
"FI","city","Kiuruvesi",26.5449465,63.698549,275,26.5115505,63.3984755
"FI","city","Pielavesi",26.6432145,63.279185,275,26.5115505,63.3984755
"FI","city","Kemi",24.449525,65.62737,276,24.64024425,65.745086
"FI","city","Keminmaa",24.8309635,65.862802,276,24.64024425,65.745086
"FI","city","Kemiönsaari",22.454542,59.9824385,277,22.454542,59.9824385
"FI","city","Kimitoön",22.454542,59.9824385,277,22.454542,59.9824385
"FI","city","Kemijärvi",27.329848,66.66606,278,27.38374175,66.910907
"FI","city","Pelkosenniemi",27.4376355,67.155754,278,27.38374175,66.910907
"FI","city","Kesälahti",29.7547505,61.94081,279,29.8004771,61.9685923
"FI","city","Kides",29.946334,61.9904045,279,29.8004771,61.9685923
"FI","city","Kitee",29.946334,61.9904045,279,29.8004771,61.9685923
"FI","city","Parikkala",29.690203,61.6445555,279,29.8004771,61.9685923
"FI","city","Rääkkylä",29.664764,62.276787,279,29.8004771,61.9685923
"FI","city","Kittilä",25.050163,67.773235,280,25.050163,67.773235
"FI","city","Kolari",24.205622,67.2883735,281,24.205622,67.2883735
"FI","city","Koski Tl",23.107958,60.6728235,282,23.107958,60.6728235
"FI","city","Kuhmo",29.6526805,64.1693755,283,29.6526805,64.1693755
"FI","city","Kuusamo",29.253115,65.9869665,284,29.253115,65.9869665
"FI","city","Lapinjärvi",26.142574,60.6311685,285,26.3264546363636,60.4559492272727
"FI","city","Lappträsk",26.142574,60.6311685,285,26.3264546363636,60.4559492272727
"FI","city","Liljendal",26.077992,60.5740505,285,26.3264546363636,60.4559492272727
"FI","city","Loviisa",26.277431,60.400289,285,26.3264546363636,60.4559492272727
"FI","city","Lovisa",26.277431,60.400289,285,26.3264546363636,60.4559492272727
"FI","city","Pernå",26.1749415,60.3565785,285,26.3264546363636,60.4559492272727
"FI","city","Pernaja",26.1749415,60.3565785,285,26.3264546363636,60.4559492272727
"FI","city","Pyhtää",26.659294,60.4070625,285,26.3264546363636,60.4559492272727
"FI","city","Pyttis",26.659294,60.4070625,285,26.3264546363636,60.4559492272727
"FI","city","Ruotsinpyhtää",26.502264,60.425597,285,26.3264546363636,60.4559492272727
"FI","city","Strömfors",26.502264,60.425597,285,26.3264546363636,60.4559492272727
"FI","city","Lappeenranta",28.2430345,60.975467,286,28.1609321,61.0977636
"FI","city","Puumala",28.2464765,61.533744,286,28.1609321,61.0977636
"FI","city","Taipalsaari",28.0786105,61.2204965,286,28.1609321,61.0977636
"FI","city","Villmanstrand",28.2430345,60.975467,286,28.1609321,61.0977636
"FI","city","Ylämaa",27.9935045,60.7836435,286,28.1609321,61.0977636
"FI","city","Lieksa",30.3540125,63.378857,287,30.3540125,63.378857
"FI","city","Masko",21.946463,60.54552,288,21.7647645,60.4240461666667
"FI","city","Masku",21.946463,60.54552,288,21.7647645,60.4240461666667
"FI","city","Nådendal",21.8062555,60.3903075,288,21.7647645,60.4240461666667
"FI","city","Naantali",21.8062555,60.3903075,288,21.7647645,60.4240461666667
"FI","city","Parainen",21.783205,60.087012,288,21.7647645,60.4240461666667
"FI","city","Pargas",21.783205,60.087012,288,21.7647645,60.4240461666667
"FI","city","Tövsala",21.575113,60.5526985,288,21.7647645,60.4240461666667
"FI","city","Taivassalo",21.575113,60.5526985,288,21.7647645,60.4240461666667
"FI","city","Vehmaa",21.6608075,60.6653395,288,21.7647645,60.4240461666667
"FI","city","Merijärvi",24.5528335,64.2860065,289,24.43124775,64.3521645
"FI","city","Pyhäjoki",24.309662,64.4183225,289,24.43124775,64.3521645
"FI","city","Muhos",26.126998,64.7303095,290,26.10100225,64.52114025
"FI","city","Siikalatva",26.0750065,64.311971,290,26.10100225,64.52114025
"FI","city","Muonio",23.792408,67.8167555,291,23.792408,67.8167555
"FI","city","Posio",28.0015955,66.1465275,292,28.0015955,66.1465275
"FI","city","Pudasjärvi",27.1588065,65.523535,293,27.1588065,65.523535
"FI","city","Pyhäntä",26.503996,64.042791,294,26.731248,63.9332935
"FI","city","Vieremä",26.9585,63.823796,294,26.731248,63.9332935
"FI","city","Pyhäranta",21.41791,60.9901785,295,21.41791,60.9901785
"FI","city","Ranua",26.5882145,66.0014765,296,26.5882145,66.0014765
"FI","city","Rovaniemi",26.0311075,66.669948,297,26.0311075,66.669948
"FI","city","Salla",28.949175,67.1056285,298,28.949175,67.1056285
"FI","city","Savukoski",28.440533,67.6489615,299,28.440533,67.6489615
"FI","city","Simo",25.20332,65.744636,300,25.2419285,65.942678
"FI","city","Tervola",25.280537,66.14072,300,25.2419285,65.942678
"FI","city","Sodankylä",27.014109,67.7046295,301,27.014109,67.7046295
"FI","city","Sulkava",28.522907,61.7362745,302,28.522907,61.7362745
"FI","city","Suomussalmi",29.065463,65.0436585,303,29.065463,65.0436585
"FI","city","Taivalkoski",28.465884,65.5483855,304,28.465884,65.5483855
"FI","city","Tohmajärvi",30.3693335,62.238447,305,30.3693335,62.238447
"FI","city","Utajärvi",26.773715,64.832527,306,26.808741,64.6912375
"FI","city","Vaala",26.843767,64.549948,306,26.808741,64.6912375
"FI","city","Valtimo",28.7819915,63.720269,307,28.7819915,63.720269
"FI","city","Viitasaari",25.8218805,63.07912,308,25.8218805,63.07912
"IS","country","Ísland",-19.00682,64.893057,309,-19.00682,64.893057
"IS","country","Iceland",-19.00682,64.893057,309,-19.00682,64.893057
"IS","country","Island",-19.00682,64.893057,309,-19.00682,64.893057
"IS","country","Islande",-19.00682,64.893057,309,-19.00682,64.893057
"IS","country","Islandia",-19.00682,64.893057,309,-19.00682,64.893057
